accno,Protein names,Gene names,iBAQ 1,iBAQ 2,rel_iBAQ1,rel_iBAQ2,L2FC,psort_loc,description
A0A080JFS1,Multidrug efflux pump subunit AcrA,acrA,6951900,74196000,0.01825959133455505,0.04462794451091229,-1.2892928830589745,CytoplasmicMembrane,Acriflavine resistance protein A OS=Escherichia coli 1-250-04_S3_C2 OX=1444163 GN=AC28_0493 PE=3 SV=1 UPId=UP000027995 PPId=UP000000625
A0A0K5ZKA2,NA,NA,0,24792000,0,0.014912070735815105,-Inf,Cytoplasmic,"2,5-diketo-D-gluconic acid reductase B OS=Escherichia coli OX=562 GN=dkgB_2 PE=4 SV=1 UPId=UP000044893 PPId=UP000000625"
P0ABQ0,Coenzyme A biosynthesis bifunctional protein CoaBC;Phosphopantothenoylcysteine decarboxylase;Phosphopantothenate--cysteine ligase,coaBC,549870,20030000,0.0014442672488286343,0.01204778867531367,-3.0603587397528926,Cytoplasmic,Coenzyme A biosynthesis bifunctional protein CoaBC OS=Escherichia coli (strain K12) OX=83333 GN=coaBC PE=1 SV=2 UPId=UP000000625 PPId=UP000000625
Q321P4,Uncharacterized protein YdjY,ydjY,0,4511500,0,0.0027136095161596416,-Inf,Unknown,Uncharacterized protein OS=Shigella boydii serotype 4 (strain Sb227) OX=300268 GN=ydjY PE=4 SV=1 UPId=UP000007067 PPId=UP000000625
P0AB89,Adenylosuccinate lyase,purB,2976700,48756000,0.007818484950239504,0.0293261100675783,-1.907224741668098,Cytoplasmic,Adenylosuccinate lyase OS=Escherichia coli (strain K12) OX=83333 GN=purB PE=1 SV=1 UPId=UP000000625 PPId=UP000000625
W1ES56,Free methionine-R-sulfoxide reductase,msrC,0,30072000,0,0.01808792316745046,-Inf,Unknown,"Free methionine-(R)-sulfoxide reductase, contains GAF domain OS=Escherichia coli ISC7 OX=1432555 PE=4 SV=1 UPId=UP000019199 PPId=UP000000625"
A0A376MIE4,Protein YgiW,ygiW,5134100,97603000,0.013485028247060382,0.05870695547062607,-2.122172897201791,Cytoplasmic,Protein YgiW OS=Escherichia coli OX=562 GN=ygiW PE=4 SV=1 UPId=UP000254817 PPId=UP000000625
A0A376RP13,3-hydroxyacyl-[acyl-carrier-protein] dehydratase FabZ,fabZ,0,22453000,0,0.013505192168088757,-Inf,Cytoplasmic,(3R)-hydroxymyristoyl-ACP dehydratase OS=Escherichia coli OX=562 GN=fabZ_1 PE=4 SV=1 UPId=UP000254159 PPId=UP000000625
AAG55318.1,NA,NA,4616700,67985000,0.012126045442863144,0.040892107493320014,-1.7537132841304992,Cytoplasmic,"putative phage inhibition, colicin resistance and tellurite resistance protein [Escherichia coli O157:H7 str. EDL933]"
BAB36414.1,NA,NA,0,485070000,0,0.2917633975404095,-Inf,Unknown,hypothetical protein ECs_2991 [Escherichia coli O157:H7 str. Sakai]
A0A0P7NDI9,Superoxide dismutase [Mn],sodA,4679000,107490000,0.01228968021035732,0.06465385944630386,-2.3952891169713326,Periplasmic,Superoxide dismutase (Fragment) OS=Escherichia coli OX=562 GN=ACU90_18505 PE=3 SV=1 UPId=UP000050307 PPId=UP000000625
A0A377E3G0,NA,NA,0,27178000,0,0.016347219202080626,-Inf,Periplasmic,Soluble cytochrome b562 OS=Escherichia coli OX=562 GN=cybC_1 PE=4 SV=1 UPId=UP000254088 PPId=UP000000625
BAB34979.1,NA,NA,0,25808000,0,0.015523181734023724,-Inf,Unknown,transcriptional regulator [Escherichia coli O157:H7 str. Sakai]
A0A1D3U3P1,UPF0265 protein YeeX,yeeX,10265000,314090000,0.026961651498037593,0.18892111557809638,-2.808803185137736,Cytoplasmic,UPF0265 protein YeeX OS=Escherichia coli OX=562 GN=yeeX PE=3 SV=1 UPId=UP000095528 PPId=UP000000625
AAG58515.1,Fe/S biogenesis protein NfuA,nfuA,0,16146000,0,0.009711612379012208,-Inf,Cytoplasmic,"orf, hypothetical protein [Escherichia coli O157:H7 str. EDL933]"
KIQ46661.1,Cytoskeleton protein RodZ,rodZ,0,23915000,0,0.014384566458818093,-Inf,Unknown,cytoskeletal protein RodZ [Escherichia coli]
A0A243ZPE4,NA,NA,26444000,337120000,0.06945678638228019,0.20277336586229378,-1.5456806008685744,Cytoplasmic,Glutamate decarboxylase (Fragment) OS=Escherichia coli OX=562 GN=BZL31_26970 PE=3 SV=1 UPId=UP000194908 PPId=UP000000625
A0A377F7W2,Uncharacterized protein YbbN,ybbN,5019900,92406000,0.01318507494934232,0.0555810264768365,-2.075686706551009,Unknown,Thioredoxin-like protein OS=Escherichia coli OX=562 GN=ybbN_2 PE=4 SV=1 UPId=UP000254255 PPId=UP000000625
A0A376VPM6,N5-carboxyaminoimidazole ribonucleotide mutase,purE,0,32927000,0,0.019805169131904804,-Inf,Unknown,N5-carboxyaminoimidazole ribonucleotide mutase OS=Escherichia coli OX=562 GN=purE PE=3 SV=1 UPId=UP000254495 PPId=UP000000625
I6CHA2,Lactaldehyde reductase,fucO,0,5214100,0,0.00313621442496021,-Inf,Cytoplasmic,Lactaldehyde reductase OS=Shigella flexneri K-315 OX=766150 GN=SFK315_3714 PE=4 SV=1 UPId=UP000005407 PPId=UP000000625
A0A376TSD2,Cell division protein FtsP,ftsP;Q609_ECAC01384G0011,0,1449100,0,8.716151058111353e-4,-Inf,Periplasmic,SufI protein OS=Escherichia coli OX=562 GN=sufI_2 PE=4 SV=1 UPId=UP000254405 PPId=UP000000625
A0A377CBN5,Sec-independent protein translocase protein TatA,tatA,0,27944000,0,0.016807958399548937,-Inf,CytoplasmicMembrane,Twin arginine translocase protein A OS=Escherichia coli OX=562 GN=tatA PE=4 SV=1 UPId=UP000254255 PPId=UP000000625
AAG54790.1,DNA-binding protein HU-beta,hupB,384860000,3525900000,1.0108583726775204,2.120783728921042,-1.0690166255449842,Cytoplasmic,"DNA-binding protein HU-beta, NS1 (HU-1) [Escherichia coli O157:H7 str. EDL933]"
A0A376SX71,Catecholate siderophore receptor Fiu,fiu,0,6419300,0,0.0038611268019690986,-Inf,OuterMembrane,Catecholate siderophore TonB-dependent receptor OS=Escherichia coli OX=562 GN=fiu_1 PE=3 SV=1 UPId=UP000255260 PPId=UP000000625
A0A2W6NWV1,FKBP-type 22 kDa peptidyl-prolyl cis-trans isomerase,fklB,0,122690000,0,0.07379646493131474,-Inf,Cytoplasmic,Peptidyl-prolyl cis-trans isomerase (Fragment) OS=Escherichia coli OX=562 GN=DNQ45_28540 PE=3 SV=1 UPId=UP000249482 PPId=UP000000625
A0A2W6P998,3-isopropylmalate dehydrogenase,leuB,0,14414000,0,0.008669836543483337,-Inf,Cytoplasmic,3-isopropylmalate dehydrogenase (Fragment) OS=Escherichia coli OX=562 GN=leuB PE=3 SV=1 UPId=UP000249482 PPId=UP000000625
A0A2X1J143,Molybdopterin synthase catalytic subunit,moaE,1443600,14692000,0.0037917038580191982,0.008837049985906563,-1.220718554234176,Cytoplasmic,Molybdopterin converting factor subunit 2 OS=Escherichia coli OX=562 GN=moaE_2 PE=4 SV=1 UPId=UP000250561 PPId=UP000000625
A0A376V9U8,PTS system mannitol-specific EIICBA component;Mannitol permease IIC component;Mannitol-specific phosphotransferase enzyme IIB component;Mannitol-specific phosphotransferase enzyme IIA component,mtlA,1160600,12638000,0.003048387016914022,0.007601595271024172,-1.3182561383174762,CytoplasmicMembrane,PTS system subunit IIABC OS=Escherichia coli OX=562 GN=mtlA_1 PE=4 SV=1 UPId=UP000254180 PPId=UP000000625
AAG57768.1,NA,NA,0,2103800,0,0.00126540877758986,-Inf,Cytoplasmic,"succinate-semialdehyde dehydrogenase, NADP-dependent activity [Escherichia coli O157:H7 str. EDL933]"
A0A2X1KW44,Bifunctional protein PutA;Proline dehydrogenase;Delta-1-pyrroline-5-carboxylate dehydrogenase,putA,0,1609500,0,9.680936531661184e-4,-Inf,Cytoplasmic,Bifunctional protein PutA OS=Escherichia coli OX=562 GN=putA_1 PE=3 SV=1 UPId=UP000250859 PPId=UP000000625
A0A2X1L0P6,Uridylate kinase,pyrH,6387800,96335000,0.016777948118769075,0.05794426969727122,-1.788099705067507,Cytoplasmic,Uridylate kinase OS=Escherichia coli OX=562 GN=pyrH PE=3 SV=1 UPId=UP000250859 PPId=UP000000625
A0A2X1L2V2,Ribosome hibernation promoting factor,hpf,0,252230000,0,0.15171311720291397,-Inf,Cytoplasmic,Putative sigma(54) modulation protein OS=Escherichia coli OX=562 GN=yhbH PE=4 SV=1 UPId=UP000250859 PPId=UP000000625
A0A2X1L7W2,Uncharacterized protein YibT,yibT,0,39607000,0,0.0238231036476859,-Inf,Unknown,Putative cytoplasmic protein OS=Escherichia coli OX=562 GN=NCTC10766_02103 PE=4 SV=1 UPId=UP000250859 PPId=UP000000625
A0A2X1LA40,Low specificity L-threonine aldolase,ltaE,623100,17840000,0.0016366103310693836,0.010730531700828551,-2.712938794641614,Cytoplasmic,Low specificity L-threonine aldolase OS=Escherichia coli OX=562 GN=ltaE_2 PE=4 SV=1 UPId=UP000250448 PPId=UP000000625
A0A376UB23,"NADPH-dependent curcumin reductase",curA,0,5783400,0,0.003478641089606045,-Inf,Cytoplasmic,"NADP-dependent oxidoreductase yncB OS=Escherichia coli OX=562 GN=yncB PE=4 SV=1 UPId=UP000254079 PPId=UP000000625"
A0A376RID7,2-deoxyglucose-6-phosphate phosphatase,yniC,0,8407600,0,0.005057063807616936,-Inf,Cytoplasmic,Putative phosphatase OS=Escherichia coli OX=562 GN=yniC_2 PE=4 SV=1 UPId=UP000254159 PPId=UP000000625
A0A2X1N4E9,Glycerol-3-phosphate acyltransferase;Glycerol-3-phosphate 1-O-acyltransferase,plsB;HMPREF1604_04414,0,1963200,0,0.0011808396768535096,-Inf,CytoplasmicMembrane,Glycerol-3-phosphate 1-O-acyltransferase OS=Escherichia coli OX=562 GN=plsB_1 PE=3 SV=1 UPId=UP000250780 PPId=UP000000625
A0A2X1N8G2,2-C-methyl-D-erythritol 4-phosphate cytidylyltransferase,ispD,0,29277000,0,0.01760974084109627,-Inf,Cytoplasmic,2-C-methyl-D-erythritol 4-phosphate cytidylyltransferase OS=Escherichia coli OX=562 GN=ispD_1 PE=3 SV=1 UPId=UP000250437 PPId=UP000000625
A0A2X1NCY7,Holliday junction ATP-dependent DNA helicase RuvA,ruvA,0,55458000,0,0.03335727730182454,-Inf,Cytoplasmic,Holliday junction ATP-dependent DNA helicase OS=Escherichia coli OX=562 GN=ruvA_2 PE=4 SV=1 UPId=UP000250780 PPId=UP000000625
A0A2X1NIU9,Carbamoyl-phosphate synthase large chain,carB;HMPREF9534_01307,0,3200600,0,0.0019251199417977501,-Inf,Cytoplasmic,Carbamoyl-phosphate synthase (glutamine-hydrolyzing) OS=Escherichia coli OX=562 GN=carB_3 PE=3 SV=1 UPId=UP000250780 PPId=UP000000625
A0A2X1NZB3,Probable phospholipid ABC transporter-binding protein MlaD,mlaD,4345100,88253000,0.011412671400304253,0.053083050122938465,-2.217614742181617,Unknown,Phospholipid ABC transporter substrate-binding protein OS=Escherichia coli OX=562 GN=mlaD PE=4 SV=1 UPId=UP000255260 PPId=UP000000625
A0A2X1PIL3,GMP reductase,guaC,0,27762000,0,0.01669848772860999,-Inf,Cytoplasmic,GMP reductase OS=Escherichia coli OX=562 GN=guaC_1 PE=4 SV=1 UPId=UP000250437 PPId=UP000000625
A0A2X2HDN1,PFL-like enzyme TdcE,tdcE,0,668490,0,4.0208818030756043e-4,-Inf,Cytoplasmic,Formate acetyltransferase OS=Shigella dysenteriae OX=622 GN=pflB1_1 PE=4 SV=1 UPId=UP000251082 PPId=UP000000625
A0A377KEH0,Anaerobic C4-dicarboxylate transporter DcuA,dcuA,0,87960000,0,0.05290681437247082,-Inf,CytoplasmicMembrane,Anaerobic C4-dicarboxylate transporter OS=Escherichia coli OX=562 GN=dcuA_2 PE=4 SV=1 UPId=UP000254181 PPId=UP000000625
A0A376MIK3,Probable quinol monooxygenase YgiN,ygiN,27488000,296420000,0.07219891635441378,0.17829283670177123,-1.3041996520138057,Unknown,Putative monooxygenase OS=Escherichia coli OX=562 GN=ygiN_1 PE=4 SV=1 UPId=UP000254817 PPId=UP000000625
F5NRG6,Acyl-CoA thioesterase 2,tesB,0,13675000,0,0.00822533750049498,-Inf,Cytoplasmic,Acyl-CoA thioesterase family protein OS=Shigella flexneri K-227 OX=766147 GN=SFK227_0703 PE=4 SV=1 UPId=UP000004520 PPId=UP000000625
A0A2X3LM07,Glycerol-3-phosphate dehydrogenase;Aerobic glycerol-3-phosphate dehydrogenase,glpD,0,8204900,0,0.004935142351576692,-Inf,Cytoplasmic,Aerobic glycerol-3-phosphate dehydrogenase OS=Escherichia coli OX=562 GN=glpD_2 PE=4 SV=1 UPId=UP000250991 PPId=UP000000625
A0A2Y2KC22,L-arabinose-binding periplasmic protein,araF;ECPG_00454,0,6690900,0,0.004024490726293371,-Inf,Periplasmic,L-arabinose ABC transporter periplasmic L -arabinose-binding protein OS=Shigella flexneri 2a OX=42897 GN=araF_1 PE=4 SV=1 UPId=UP000250400 PPId=UP000000625
A0A376L0A2,Uncharacterized protein YccU,yccU,0,15411000,0,0.009269519284835695,-Inf,Unknown,Putative CoA-binding protein OS=Escherichia coli OX=562 GN=yccU PE=4 SV=1 UPId=UP000255460 PPId=UP000000625
A0A348DVE5,Copper-exporting P-type ATPase A,copA,0,459190,0,2.7619690872777254e-4,-Inf,CytoplasmicMembrane,Copper transporter OS=Escherichia coli OX=562 GN=copA_1 PE=3 SV=1 UPId=UP000272738 PPId=UP000000625
A0A369ETZ6,N-acetylneuraminate epimerase,UC41_27125;nanM,0,1624000,0,9.768152176090564e-4,-Inf,Unknown,YjhT family mutarotase OS=Escherichia coli OX=562 GN=DTM25_09395 PE=4 SV=1 UPId=UP000252917 PPId=UP000000625
AAG58654.1,Multidrug resistance protein MdtE,mdtE,0,788930,0,4.745312990322124e-4,-Inf,CytoplasmicMembrane,putative membrane protein [Escherichia coli O157:H7 str. EDL933]
A0A370VBX1,"D-erythro-7,8-dihydroneopterin triphosphate epimerase",folX,0,76904000,0,0.046256771856531334,-Inf,Cytoplasmic,"D-erythro-7,8-dihydroneopterin triphosphate epimerase OS=Escherichia marmotae OX=1499973 GN=folX PE=4 SV=1 UPId=UP000254454 PPId=UP000000625"
A0A370YF59,NA,NA,0,693390,0,4.1706521166129536e-4,-Inf,Cytoplasmic,"NADP-dependent oxaloacetate-decarboxylating malate dehydrogenase OS=Escherichia coli OX=562 GN=DXF93_23565 PE=4 SV=1 UPId=UP000255321 PPId=UP000000625"
AAG58889.1,Small heat shock protein IbpA,ibpA,0,10313000,0,0.006203137524139285,-Inf,Cytoplasmic,heat shock protein [Escherichia coli O157:H7 str. EDL933]
A0A370YSY8,NA,Q609_ECAC02578G0001,9382400,202590000,0.0246434485158488,0.12185529244791796,-2.30589285104977,Unknown,Uncharacterized protein OS=Escherichia coli OX=562 GN=DXF93_03110 PE=4 SV=1 UPId=UP000255321 PPId=UP000000625
A0A377C6F8,Uncharacterized protein YfhG,yfhG,0,5342400,0,0.0032133852331001377,-Inf,Unknown,Putative lipoprotein OS=Escherichia coli OX=562 GN=qseG_2 PE=4 SV=1 UPId=UP000254088 PPId=UP000000625
A0A376J8A3,Class B acid phosphatase,aphA,0,2065500,0,0.0012423718177164446,-Inf,Unknown,Acid phosphatase/phosphotransferase OS=Escherichia coli OX=562 GN=aphA PE=4 SV=1 UPId=UP000254538 PPId=UP000000625
A0A376JBH0,Glutathione-binding protein GsiB,gsiB,0,1045700,0,6.289751681365704e-4,-Inf,Periplasmic,Putative binding protein yliB OS=Escherichia coli OX=562 GN=gsiB PE=4 SV=1 UPId=UP000254538 PPId=UP000000625
A0A376JR61,cAMP-activated global transcriptional regulator CRP,crp,0,5556600,0,0.003342223791974435,-Inf,Cytoplasmic,Cyclic AMP receptor protein OS=Escherichia coli OX=562 GN=crp_1 PE=4 SV=1 UPId=UP000255201 PPId=UP000000625
A0A376Y4N4,Polyphosphate kinase,ppk,0,560440,0,3.370974880275983e-4,-Inf,CytoplasmicMembrane,Polyphosphate kinase OS=Escherichia coli OX=562 GN=ppk_3 PE=4 SV=1 UPId=UP000254785 PPId=UP000000625
A0A376KPJ3,ATP-dependent zinc metalloprotease FtsH,ftsH,0,5019400,0,0.0030191048665436566,-Inf,CytoplasmicMembrane,ATP-dependent zinc metalloprotease FtsH OS=Escherichia coli OX=562 GN=ftsH_1 PE=3 SV=1 UPId=UP000255460 PPId=UP000000625
A0A376L926,"NADH-quinone oxidoreductase subunit B",nuoB,0,12031000,0,0.007236492538826697,-Inf,CytoplasmicMembrane,"NADH-quinone oxidoreductase subunit B OS=Escherichia coli OX=562 GN=nuoB PE=3 SV=1 UPId=UP000254877 PPId=UP000000625"
A0A376L1P2,Na(+)/H(+) antiporter NhaA,nhaA,0,8112900,0,0.004879805528904257,-Inf,CytoplasmicMembrane,Na(+)/H(+) antiporter 1 OS=Escherichia coli OX=562 GN=nhaA_2 PE=3 SV=1 UPId=UP000255460 PPId=UP000000625
A0A376L3Y0,Formate dehydrogenase-O iron-sulfur subunit,fdoH,0,13243000,0,0.007965495028815722,-Inf,CytoplasmicMembrane,Formate dehydrogenase-O OS=Escherichia coli OX=562 GN=fdoH_1 PE=4 SV=1 UPId=UP000255460 PPId=UP000000625
A0A447Y079,Cyclic pyranopterin monophosphate synthase accessory protein,moaC,908530,8770600,0.002386309716075216,0.005275403662291866,-1.1445001891736848,Cytoplasmic,Molybdenum cofactor biosynthesis protein C OS=Escherichia coli OX=562 GN=moaC_2 PE=4 SV=1 UPId=UP000277930 PPId=UP000000625
A0A376MMV1,Soluble pyridine nucleotide transhydrogenase,sthA,0,8804800,0,0.005295974524633141,-Inf,Cytoplasmic,Soluble pyridine nucleotide transhydrogenase OS=Escherichia coli OX=562 GN=sthA_1 PE=4 SV=1 UPId=UP000254817 PPId=UP000000625
A0A376MV56,Curli production assembly/transport component CsgF,csgF,11357000,227320000,0.0298298564114187,0.13673007097714945,-2.1965016307838083,Unknown,Curli production assembly/transport component OS=Escherichia coli OX=562 GN=csgF PE=4 SV=1 UPId=UP000254817 PPId=UP000000625
A0A376NIF8,Protein YceI,yceI,0,7176800,0,0.004316753358212239,-Inf,Unknown,Protein YceI OS=Escherichia coli OX=562 GN=yceI PE=3 SV=1 UPId=UP000254405 PPId=UP000000625
A0A376NT53,3-octaprenyl-4-hydroxybenzoate carboxy-lyase partner protein,ubiX,0,10319000,0,0.006206746447357052,-Inf,Unknown,3-octaprenyl-4-hydroxybenzoate carboxy-lyase OS=Escherichia coli OX=562 GN=ubiX_2 PE=4 SV=1 UPId=UP000254428 PPId=UP000000625
A0A376RBZ6,NA,NA,0,5636100,0,0.003390042024609854,-Inf,Cytoplasmic,50S ribosomal protein L6 OS=Escherichia coli OX=562 GN=rplF_2 PE=3 SV=1 UPId=UP000255078 PPId=UP000000625
A0A376RJY7,Uncharacterized deoxyribonuclease YcfH,ycfH,0,17105000,0,0.010288438606652038,-Inf,Cytoplasmic,Metallodependent hydrolase OS=Escherichia coli OX=562 GN=ycfH_1 PE=4 SV=1 UPId=UP000254159 PPId=UP000000625
B2TTG8,Thiol:disulfide interchange protein DsbG,dsbG,0,3851200,0,0.0023164475160443337,-Inf,Periplasmic,Thiol:disulfide interchange protein DsbG OS=Shigella boydii serotype 18 (strain CDC 3083-94 / BS512) OX=344609 GN=SbBS512_E0514 PE=4 SV=1 UPId=UP000001030 PPId=UP000000625
A0A447XTV5,Histidine--tRNA ligase,hisS,0,11991000,0,0.007212433050708249,-Inf,Cytoplasmic,Histidyl-tRNA synthetase OS=Escherichia coli OX=562 GN=hisS_3 PE=4 SV=1 UPId=UP000277930 PPId=UP000000625
A0A376SEW1,2-dehydro-3-deoxygluconokinase,kdgK,0,14272000,0,0.008584425360662841,-Inf,Unknown,Ketodeoxygluconokinase OS=Escherichia coli OX=562 GN=iolC_1 PE=4 SV=1 UPId=UP000254180 PPId=UP000000625
A0A377LBC9,Transcriptional repressor MprA,mprA,0,96181000,0,0.05785164066801519,-Inf,Unknown,MarR-family transcriptional repressor OS=Escherichia coli OX=562 GN=mprA_2 PE=4 SV=1 UPId=UP000255454 PPId=UP000000625
A0A376SME8,NA,EC970246_A0020,0,3668700,0,0.002206676101503907,-Inf,Cytoplasmic,Relaxase OS=Escherichia coli OX=562 GN=NCTC13125_00243 PE=4 SV=1 UPId=UP000255260 PPId=UP000000625
A0A376SN20,Periplasmic murein peptide-binding protein,mppA,0,3846600,0,0.002313680674910712,-Inf,Periplasmic,Periplasmic murein peptide-binding protein OS=Escherichia coli OX=562 GN=mppA_2 PE=4 SV=1 UPId=UP000254180 PPId=UP000000625
A0A376SY88,Protein PhnB,phnB,0,15794000,0,0.00949988888356985,-Inf,Unknown,PhnB protein OS=Escherichia coli OX=562 GN=phnB PE=4 SV=1 UPId=UP000254180 PPId=UP000000625
A0A377B6S2,Putative carboxymethylenebutenolidase,ysgA,1542500,18692000,0.0040514707682146114,0.011242998797751529,-1.4725092543404081,Unknown,Putative hydrolase OS=Escherichia coli OX=562 GN=ysgA PE=4 SV=1 UPId=UP000254052 PPId=UP000000625
A0A376TDD3,Histidine biosynthesis bifunctional protein HisIE;Phosphoribosyl-AMP cyclohydrolase;Phosphoribosyl-ATP pyrophosphatase,hisI,0,43933000,0,0.02642513728769623,-Inf,Cytoplasmic,Phosphoribosyl-ATP pyrophosphatase OS=Escherichia coli OX=562 GN=hisI_1 PE=3 SV=1 UPId=UP000254405 PPId=UP000000625
A0A376U9H4,Protein YdgH,ydgH,1115500,12871000,0.0029299291033668714,0.007741741789314142,-1.4017924345383197,Unknown,Protein YdgH OS=Escherichia coli OX=562 GN=ydgH_2 PE=4 SV=1 UPId=UP000254079 PPId=UP000000625
A0A376TJ72,Bifunctional protein FolD;Methylenetetrahydrofolate dehydrogenase;Methenyltetrahydrofolate cyclohydrolase,folD,0,17307000,0,0.01040993902165021,-Inf,Cytoplasmic,Bifunctional protein FolD OS=Escherichia coli OX=562 GN=folD PE=3 SV=1 UPId=UP000254405 PPId=UP000000625
A0A376TJY1,Uncharacterized lipoprotein YajG,yajG,10722000,147670000,0.028161990001165038,0.08882161526128655,-1.6571615253576073,Unknown,Lipoprotein YajG OS=Escherichia coli OX=562 GN=yajG PE=4 SV=1 UPId=UP000254405 PPId=UP000000625
A0A376TW77,NA,NA,0,12560000,0,0.0075546792691931946,-Inf,Cytoplasmic,Inosine 5'-monophosphate dehydrogenase OS=Escherichia coli OX=562 GN=guaB_2 PE=4 SV=1 UPId=UP000254405 PPId=UP000000625
A0A376UWS2,Pyruvate formate-lyase 1-activating enzyme,pflA,0,639630,0,3.84729259630099e-4,-Inf,Cytoplasmic,Pyruvate formate-lyase-activating enzyme OS=Escherichia coli OX=562 GN=pflA_2 PE=3 SV=1 UPId=UP000255130 PPId=UP000000625
A0A376VAS7,NA,NA,0,23198000,0,0.013953300134294884,-Inf,Unknown,DamX protein OS=Escherichia coli OX=562 GN=damX_1 PE=4 SV=1 UPId=UP000254495 PPId=UP000000625
A0A376VBV7,Uncharacterized protein YibL,yibL,14078000,165740000,0.03697672964338756,0.09969048901879618,-1.4308382375406512,Unknown,Putative cytoplasmic protein OS=Escherichia coli OX=562 GN=yibL PE=4 SV=1 UPId=UP000254495 PPId=UP000000625
A0A376VE31,"1,4-alpha-glucan branching enzyme GlgB;1,4-alpha-glucan branching enzyme",glgB;Q609_ECAC02401G0001,0,2393700,0,0.0014397799177283243,-Inf,Cytoplasmic,"1,4-alpha-glucan branching enzyme GlgB OS=Escherichia coli OX=562 GN=glgB PE=3 SV=1 UPId=UP000254495 PPId=UP000000625"
A0A376VFU3,tRNA-modifying protein YgfZ,ygfZ,519440,15536000,0.0013643409892002579,0.009344705185205849,-2.775944887679129,Unknown,tRNA-modifying protein OS=Escherichia coli OX=562 GN=ygfZ_2 PE=4 SV=1 UPId=UP000254495 PPId=UP000000625
A0A376VP68,ATP-dependent RNA helicase RhlE,rhlE,0,20890000,0,0.01256506766986034,-Inf,Unknown,ATP-dependent RNA helicase OS=Escherichia coli OX=562 GN=rhlE_2 PE=4 SV=1 UPId=UP000254495 PPId=UP000000625
A0A376VVL2,Xylose isomerase,xylA,0,6564700,0,0.003948583041279663,-Inf,Cytoplasmic,Xylose isomerase OS=Escherichia coli OX=562 GN=xylA_2 PE=3 SV=1 UPId=UP000254716 PPId=UP000000625
A0A376VXP8,Oligoribonuclease,orn,1458500,35376000,0.0038308396210314497,0.021278211291956887,-2.473644345430437,Cytoplasmic,Oligoribonuclease OS=Escherichia coli OX=562 GN=orn_2 PE=3 SV=1 UPId=UP000254716 PPId=UP000000625
A0A376VZ87,NA,NA,11051000,224530000,0.029026128660965756,0.1350519216808876,-2.218090096895673,Cytoplasmic,Pyruvate dehydrogenase E1 component OS=Escherichia coli OX=562 GN=aceE_2 PE=4 SV=1 UPId=UP000254716 PPId=UP000000625
A0A376W2B1,"Probable L,D-transpeptidase YbiS",ybiS,951570,29581000,0.002499356913393827,0.01779259295079649,-2.8316479316945977,Cytoplasmic,"L,D-transpeptidase OS=Escherichia coli OX=562 GN=ybiS PE=4 SV=1 UPId=UP000254716 PPId=UP000000625"
AAG55230.1,Putrescine-binding periplasmic protein,potF,1437400,23713000,0.0037754191781080603,0.014263066043819923,-1.9175754041035518,Periplasmic,periplasmic putrescine-binding protein; permease protein [Escherichia coli O157:H7 str. EDL933]
A0A376W8P8,Putative peroxiredoxin bcp,bcp,0,4848000,0,0.0029160099599560996,-Inf,Cytoplasmic,Thioredoxin-dependent thiol peroxidase OS=Escherichia coli OX=562 GN=bcp PE=4 SV=1 UPId=UP000254716 PPId=UP000000625
AAG58230.1,Protein YqjC,yqjC,0,39977000,0,0.02404565391278156,-Inf,Unknown,"orf, hypothetical protein [Escherichia coli O157:H7 str. EDL933]"
A0A376ZWZ2,Probable phosphatase YcdX,ycdX,13428000,152940000,0.03526946481399404,0.0919914528208923,-1.3830801384455589,Cytoplasmic,Putative phosphoesterase OS=Escherichia coli OX=562 GN=ycdX_1 PE=4 SV=1 UPId=UP000255543 PPId=UP000000625
EEC30042.1,Paraquat-inducible protein B,pqiB,0,1872500,0,0.0011262847875449249,-Inf,Unknown,paraquat-inducible protein B [Escherichia coli O157:H7 str. TW14588]
A0A377A1A6,Superoxide dismutase [Fe],sodB,72700000,2090000000,0.1909510047644747,1.257108254188995,-2.7188344744484017,Periplasmic,Superoxide dismutase OS=Escherichia coli OX=562 GN=sodB PE=3 SV=1 UPId=UP000255543 PPId=UP000000625
A0A377C3N1,3-deoxy-D-manno-octulosonate 8-phosphate phosphatase KdsC,kdsC,2374700,30336000,0.0062372950620935095,0.01824671578903223,-1.5486444039785936,Cytoplasmic,3-deoxy-D-manno-octulosonate 8-phosphate phosphatase OS=Escherichia coli OX=562 GN=kdsC_2 PE=4 SV=1 UPId=UP000254255 PPId=UP000000625
A0A377CBW0,Branched-chain-amino-acid aminotransferase,ilvE,471470,6618700,0.0012383448447910166,0.00398106335023957,-1.6847407078955416,Cytoplasmic,Branched-chain-amino-acid aminotransferase OS=Escherichia coli OX=562 GN=ilvE_2 PE=3 SV=1 UPId=UP000254255 PPId=UP000000625
A0A377D5D3,Probable protease SohB,sohB,0,12674000,0,0.007623248810330777,-Inf,CytoplasmicMembrane,Protease OS=Escherichia coli OX=562 GN=sohB_1 PE=4 SV=1 UPId=UP000254174 PPId=UP000000625
A0A377DNT2,Uncharacterized protein YpfJ,ypfJ,0,2545200,0,0.0015309052289769521,-Inf,Unknown,Putative peptidase OS=Escherichia coli OX=562 GN=NCTC8500_01521 PE=4 SV=1 UPId=UP000254429 PPId=UP000000625
A0A377DQ63,Nickel/cobalt homeostasis protein RcnB,rcnB,0,9783600,0,0.005884710198891604,-Inf,Unknown,Periplasmic modulator of Ni and Co efflux OS=Escherichia coli OX=562 GN=rcnB PE=4 SV=1 UPId=UP000254429 PPId=UP000000625
A0A377DZ40,Maltose transport system permease protein MalF,malF,595820,26557000,0.001564957739460376,0.015973695649041695,-3.3515025271449015,CytoplasmicMembrane,Maltose transporter membrane protein OS=Escherichia coli OX=562 GN=malF_1 PE=4 SV=1 UPId=UP000254429 PPId=UP000000625
A0A377F6A1,3-hydroxydecanoyl-[acyl-carrier-protein] dehydratase,fabA,9224400,192940000,0.024228451834242375,0.11605094093934197,-2.259984093522097,Cytoplasmic,3-hydroxydecanoyl-[acyl-carrier-protein] dehydratase OS=Escherichia coli OX=562 GN=fabA_2 PE=3 SV=1 UPId=UP000254255 PPId=UP000000625
A0A377F6V5,ABC transporter arginine-binding protein 1,artJ,0,5709200,0,0.003434010739146321,-Inf,Periplasmic,Arginine/ornithine ABC transporter substrate-binding protein OS=Escherichia coli OX=562 GN=artJ_2 PE=4 SV=1 UPId=UP000254255 PPId=UP000000625
A0A377JXI7,Uncharacterized protein YicH,yicH,0,474880,0,2.856342429422344e-4,-Inf,Unknown,AsmA family protein OS=Escherichia coli OX=562 GN=yicH_1 PE=4 SV=1 UPId=UP000254181 PPId=UP000000625
A0A377K2C6,NA,NA,0,32815000,0,0.019737802565173147,-Inf,Unknown,3-mercaptopyruvate sulfurtransferase OS=Escherichia coli OX=562 GN=sseA_1 PE=4 SV=1 UPId=UP000254181 PPId=UP000000625
A0A377L9I2,Glutathionyl-hydroquinone reductase YqjG,yqjG,0,6213000,0,0.0037370399919981947,-Inf,Cytoplasmic,Putative transferase OS=Escherichia coli OX=562 GN=yqjG_2 PE=4 SV=1 UPId=UP000255454 PPId=UP000000625
A0A3K3RC58,Signal recognition particle receptor FtsY,ftsY,0,9895500,0,0.005952016616902966,-Inf,Cytoplasmic,Signal recognition particle receptor FtsY OS=Escherichia coli OX=562 GN=ftsY PE=3 SV=1 UPId=UP000269131 PPId=UP000000625
A0A3L0VWE5,NA,NA,2399200,25564000,0.006301645813355266,0.01537641885650118,-1.2869189665728367,Cytoplasmic,Purine nucleoside phosphorylase DeoD-type OS=Escherichia coli OX=562 GN=deoD PE=3 SV=1 UPId=UP000272300 PPId=UP000000625
A0A3L4KP74,NA,NA,0,1040700,0,6.259677321217641e-4,-Inf,Cytoplasmic,Transketolase OS=Escherichia coli OX=562 GN=tkt PE=3 SV=1 UPId=UP000281241 PPId=UP000000625
A0A3Q0MSX9,Thiol:disulfide interchange protein DsbA,Q609_ECAC02769G0001;dsbA,8277300,189200000,0.021740835649752224,0.11380137880026692,-2.3880387379944037,Periplasmic,Thiol:disulfide interchange protein DsbA OS=Escherichia coli OX=562 GN=CR539_00995 PE=4 SV=1 UPId=UP000234543 PPId=UP000000625
A0A3S4MXP9,Cell division protein ZapB,zapB,18858000,491690000,0.04953169254261987,0.29574524282401293,-2.577931137328688,Unknown,Cell division protein ZapB OS=Escherichia coli OX=562 GN=zapB PE=3 SV=1 UPId=UP000277464 PPId=UP000000625
EZB75350.1,tRNA modification GTPase MnmE,mnmE,0,2534000,0,0.0015241685723037864,-Inf,Cytoplasmic,tRNA modification GTPase TrmE [Escherichia coli O157:H7 str. K1845]
A0A447XY57,Enoyl-[acyl-carrier-protein] reductase [NADH] FabI,fabI,51278000,619350000,0.13468480911021644,0.37253109915404503,-1.467773727132918,CytoplasmicMembrane,Enoyl-[acyl-carrier-protein] reductase [NADH] OS=Escherichia coli OX=562 GN=fabI PE=3 SV=1 UPId=UP000277930 PPId=UP000000625
AAG54545.1,Inhibitor of vertebrate lysozyme,ivy,3574000,65017000,0.009387330000388345,0.03910689347493105,-2.058636156069627,Periplasmic,"orf, hypothetical protein [Escherichia coli O157:H7 str. EDL933]"
AAC70085.1,NA,ECO111_p3-26;Q458_01040,994160,14040000,0.002611222158138242,0.008444880329575832,-1.6933517742762596,Unknown,EHEC-catalase/peroxidase (plasmid) [Escherichia coli O157:H7 str. EDL933]
AAG54334.1,Carbamoyl-phosphate synthase small chain,carA,0,4674100,0,0.0028114113353611397,-Inf,Cytoplasmic,"carbamoyl-phosphate synthetase, glutamine (small) subunit [Escherichia coli O157:H7 str. EDL933]"
S0WRD1,Chaperone SurA;Peptidylprolyl isomerase,surA,0,25004000,0,0.015039586022842884,-Inf,Periplasmic,Chaperone SurA OS=Escherichia sp. KTE31 OX=1169349 GN=surA PE=3 SV=1 UPId=UP000014175 PPId=UP000000625
AAG54399.1,Cell division protein FtsZ,ftsZ,0,555300,0,3.340058438043775e-4,-Inf,CytoplasmicMembrane,cell division; forms circumferential ring; tubulin-like GTP-binding protein and GTPase [Escherichia coli O157:H7 str. EDL933]
P10408,Protein translocase subunit SecA,secA,229650,2098200,6.031897970311089e-4,0.0012620404492532772,-1.0650742197103171,CytoplasmicMembrane,Protein translocase subunit SecA OS=Escherichia coli (strain K12) OX=83333 GN=secA PE=1 SV=2 UPId=UP000000625 PPId=UP000000625
AAG54437.1,Pantothenate synthetase,panC,0,6532400,0,0.003929155004624015,-Inf,Cytoplasmic,pantothenate synthetase [Escherichia coli O157:H7 str. EDL933]
AAG54491.1,Protein rof,rof,0,37321000,0,0.0224481039017165,-Inf,Cytoplasmic,"orf, hypothetical protein [Escherichia coli O157:H7 str. EDL933]"
AAG54547.1,Phosphoheptose isomerase,gmhA,28774000,338820000,0.07557667415533695,0.2037958941073279,-1.4311120481660502,Cytoplasmic,phosphoheptose isomerase [Escherichia coli O157:H7 str. EDL933]
AAG54568.1,Gamma-glutamyl phosphate reductase,proA,0,4382400,0,0.0026359575182573454,-Inf,Cytoplasmic,gamma-glutamylphosphate reductase [Escherichia coli O157:H7 str. EDL933]
AAG54629.1,NA,Z0372;ERFG_03155,6933700,184270000,0.018211787919332027,0.110836046889668,-2.6054826921251326,Unknown,hypothetical protein Z0372 [Escherichia coli O157:H7 str. EDL933]
AAG54686.1,Cytosine deaminase,codA,0,13821000,0,0.00831315463212732,-Inf,Cytoplasmic,cytosine deaminase [Escherichia coli O157:H7 str. EDL933]
AAG54711.1,NA,afuA,0,12737000,0,0.007661142504117335,-Inf,Periplasmic,periplasmic ferric iron-binding protein [Escherichia coli O157:H7 str. EDL933]
AAG54732.1,Pyrroline-5-carboxylate reductase,proC,0,3431700,0,0.002064123634402093,-Inf,Cytoplasmic,pyrroline-5-carboxylate reductase [Escherichia coli O157:H7 str. EDL933]
AAG54772.1,Exodeoxyribonuclease 7 small subunit,xseB,4218800,39555000,0.011080936711146712,0.023791826313131915,-1.1023861777659818,Cytoplasmic,"exonuclease VII, small subunit [Escherichia coli O157:H7 str. EDL933]"
P0A850,Trigger factor,tig,79495000,866170000,0.20879848863482692,0.5209901705889387,-1.3191448845848726,Cytoplasmic,Trigger factor OS=Escherichia coli (strain K12) OX=83333 GN=tig PE=1 SV=1 UPId=UP000000625 PPId=UP000000625
AAG54787.1,ATP-dependent Clp protease proteolytic subunit,clpP,25238000,226490000,0.06628915348343623,0.13623083659869162,-1.0392085674779157,Cytoplasmic,"ATP-dependent proteolytic subunit of clpA-clpP serine protease, heat shock protein F21.5 [Escherichia coli O157:H7 str. EDL933]"
P0A9M0,Lon protease,lon,2826700,30618000,0.007424500758841001,0.018416335180267297,-1.3106200720757737,Cytoplasmic,Lon protease OS=Escherichia coli (strain K12) OX=83333 GN=lon PE=1 SV=1 UPId=UP000000625 PPId=UP000000625
AAG54818.1,Adenine phosphoribosyltransferase,apt,1744800,71519000,0.004582824114347394,0.043017763268585044,-3.2306236907781294,Cytoplasmic,adenine phosphoribosyltransferase [Escherichia coli O157:H7 str. EDL933]
P0A6Z3,Chaperone protein HtpG,htpG,57568000,506950000,0.1512058795361937,0.30492393754120145,-1.0119351722927663,Cytoplasmic,Chaperone protein HtpG OS=Escherichia coli (strain K12) OX=83333 GN=htpG PE=1 SV=1 UPId=UP000000625 PPId=UP000000625
Q8XD27,Cys-tRNA(Pro)/Cys-tRNA(Cys) deacylase YbaK,ybaK;HMPREF9346_00063,0,8634000,0,0.00519324051036736,-Inf,Cytoplasmic,Cys-tRNA(Pro)/Cys-tRNA(Cys) deacylase OS=Escherichia coli O157:H7 OX=83334 GN=ybaK PE=3 SV=1 UPId=UP000000558 PPId=UP000000625
AAG54911.1,Oxygen-insensitive NAD(P)H nitroreductase,nfsB,5191400,74298000,0.01363553020817461,0.04468929620561433,-1.7125585249232966,Unknown,oxygen-insensitive NAD(P)H nitroreductase [Escherichia coli O157:H7 str. EDL933]
P35340,Alkyl hydroperoxide reductase subunit F,ahpF,2696900,160860000,0.0070835731052174954,0.09675523146834533,-3.771790493445464,CytoplasmicMembrane,Alkyl hydroperoxide reductase subunit F OS=Escherichia coli (strain K12) OX=83333 GN=ahpF PE=1 SV=2 UPId=UP000000625 PPId=UP000000625
AAG54975.1,LPS-assembly lipoprotein LptE,lptE,0,39678000,0,0.023865809239096147,-Inf,OuterMembrane,a minor lipoprotein [Escherichia coli O157:H7 str. EDL933]
AAG54985.1,Pyrimidine-specific ribonucleoside hydrolase RihA,rihA;Q609_ECAC02904G0001,0,36555000,0,0.02198736470424819,-Inf,Unknown,putative tRNA synthetase [Escherichia coli O157:H7 str. EDL933]
AAG55001.1,PTS system N-acetylglucosamine-specific EIICBA component;N-acetylglucosamine permease IIC component;N-acetylglucosamine-specific phosphotransferase enzyme IIB component;N-acetylglucosamine-specific phosphotransferase enzyme IIA component,nagE,0,600570,0,3.6123516948243287e-4,-Inf,CytoplasmicMembrane,"PTS system, N-acetylglucosamine-specific enzyme IIABC [Escherichia coli O157:H7 str. EDL933]"
AAG55007.1,Flavodoxin-1,fldA,21621000,258230000,0.05678888134818031,0.15532204042068143,-1.4515821664229875,Cytoplasmic,flavodoxin 1 [Escherichia coli O157:H7 str. EDL933]
AAG55048.1,Succinate dehydrogenase iron-sulfur subunit,sdhB,4550500,53161000,0.011952167086392603,0.03197566119662257,-1.4197019699738065,CytoplasmicMembrane,"succinate dehydrogenase, iron sulfur protein [Escherichia coli O157:H7 str. EDL933]"
P0AFG3,2-oxoglutarate dehydrogenase E1 component,sucA,1192200,51186000,0.0031313863532353063,0.030787723970774113,-3.297481792334813,Cytoplasmic,2-oxoglutarate dehydrogenase E1 component OS=Escherichia coli (strain K12) OX=83333 GN=sucA PE=1 SV=1 UPId=UP000000625 PPId=UP000000625
P0AFG6,Dihydrolipoyllysine-residue succinyltransferase component of 2-oxoglutarate dehydrogenase complex,sucB,25184000,275710000,0.06614731917453276,0.16583603672844394,-1.3260029502790198,Cytoplasmic,Dihydrolipoyllysine-residue succinyltransferase component of 2-oxoglutarate dehydrogenase complex OS=Escherichia coli (strain K12) OX=83333 GN=sucB PE=1 SV=2 UPId=UP000000625 PPId=UP000000625
KIQ48029.1,Uncharacterized protein YbgF,ybgF;ygbF,3786400,55413000,0.009945211615408626,0.03333021037769129,-1.7447564493187875,Periplasmic,tol-pal system protein [Escherichia coli]
ENO09153.1,Aldose 1-epimerase,galM,2469300,30472000,0.006485767758802165,0.018328518048634956,-1.4987408714931603,Periplasmic,galactose-1-epimerase [Escherichia coli O157:H43 str. T22]
ENO09123.1,Molybdopterin synthase sulfur carrier subunit,moaD,3741300,68123000,0.009826753701861476,0.040975112727328664,-2.0599611166878904,Unknown,molybdopterin synthase small subunit [Escherichia coli O157:H43 str. T22]
EZA73021.1,Fructose-6-phosphate aldolase 1,fsaA,1854300,17619000,0.004870432574068301,0.010597603028974117,-1.1216161741911084,Cytoplasmic,fructose-6-phosphate aldolase [Escherichia coli O157:H16 str. 98-3133]
AAG55242.1,Putative ABC transporter arginine-binding protein 2,artI,5111800,83305000,0.013426455930605803,0.050106891442686236,-1.8999304990199495,Periplasmic,arginine 3rd transport system periplasmic binding protein [Escherichia coli O157:H7 str. EDL933]
AAG55253.1,Pyruvate dehydrogenase [ubiquinone];Alpha-peptide,poxB,265400,14400000,6.970893626477523e-4,0.008661415722641879,-3.6351873372465944,CytoplasmicMembrane,pyruvate oxidase [Escherichia coli O157:H7 str. EDL933]
P0ABH9,ATP-dependent Clp protease ATP-binding subunit ClpA,clpA,0,1245800,0,7.493327574491148e-4,-Inf,Cytoplasmic,ATP-dependent Clp protease ATP-binding subunit ClpA OS=Escherichia coli (strain K12) OX=83333 GN=clpA PE=1 SV=1 UPId=UP000000625 PPId=UP000000625
Q7DBX3,NA,NA,0,27063000,0,0.01627804817374008,-Inf,Cytoplasmic,Tellurium resistance protein TerZ OS=Escherichia coli O157:H7 OX=83334 GN=terZ PE=4 SV=1 UPId=UP000000558 PPId=UP000000625
Q9LAN9,NA,tlrB,2564900,119220000,0.006736867016786812,0.07170930433703923,-3.412010595393289,Cytoplasmic,Putative tellurium resistance protein B OS=Escherichia coli O157:H7 OX=83334 GN=tlrB PE=4 SV=1 UPId=UP000000558 PPId=UP000000625
AAG55378.1,Outer-membrane lipoprotein carrier protein,lolA,0,15416000,0,0.009272526720850502,-Inf,Periplasmic,periplasmic protein effects translocation of lipoproteins from inner membrane to outer [Escherichia coli O157:H7 str. EDL933]
AAG55402.1,UPF0434 protein YcaR,ycaR,0,26354000,0,0.015851593746840562,-Inf,Unknown,"orf, hypothetical protein [Escherichia coli O157:H7 str. EDL933]"
AAG55413.1,Aspartate aminotransferase,aspC,22735000,203980000,0.059714870609633194,0.12269135966003408,-1.0388715018899655,Cytoplasmic,aspartate aminotransferase [Escherichia coli O157:H7 str. EDL933]
AAG55449.1,Methylglyoxal synthase,mgsA,0,58512000,0,0.03519421921966817,-Inf,Cytoplasmic,methylglyoxal synthase [Escherichia coli O157:H7 str. EDL933]
ENO09412.1,Curved DNA-binding protein,cbpA,901510,8829600,0.0023678712559177663,0.005310891407266579,-1.1653633887027963,Cytoplasmic,curved DNA-binding protein CbpA [Escherichia coli O157:H43 str. T22]
AAG55551.1,Uncharacterized protein YccJ,yccJ,14666000,138330000,0.03852114767366969,0.083203724785628555,-1.1109974284923523,Unknown,"orf, hypothetical protein [Escherichia coli O157:H7 str. EDL933]"
AAG55636.1,Iron uptake system component EfeO,efeO,0,6106000,0,0.003672680861281341,-Inf,Periplasmic,"orf, hypothetical protein [Escherichia coli O157:H7 str. EDL933]"
ENO09459.1,N-methyl-L-tryptophan oxidase,solA,294400,3564700,7.732596396514631e-4,0.002144121432395938,-1.471361796653224,Cytoplasmic,N-methyltryptophan oxidase [Escherichia coli O157:H43 str. T22]
AAG55830.1,Ribonuclease E,rne,1628900,18344000,0.004278405662460149,0.011033681251121016,-1.3667690235175918,Cytoplasmic,"RNase E, membrane attachment, mRNA turnover, maturation 5S RNA [Escherichia coli O157:H7 str. EDL933]"
AAG55837.1,3-oxoacyl-[acyl-carrier-protein] synthase 3,fabH,0,6570300,0,0.003951951369616246,-Inf,Cytoplasmic,3-oxoacyl-[acyl-carrier-protein] synthase III; acetylCoA ACP transacylase [Escherichia coli O157:H7 str. EDL933]
AAG55839.1,3-oxoacyl-[acyl-carrier-protein] reductase FabG,fabG,0,59051000,0,0.03551842082206428,-Inf,Cytoplasmic,3-oxoacyl-[acyl-carrier-protein] reductase [Escherichia coli O157:H7 str. EDL933]
AAG55867.1,Spermidine/putrescine-binding periplasmic protein,potD,719300,21492000,0.0018892855258196243,0.012927162966043005,-2.7744930353399755,Periplasmic,spermidine/putrescine periplasmic transport protein [Escherichia coli O157:H7 str. EDL933]
AAG56011.1,NA,NA,0,12553000,0,0.007550468858772467,-Inf,Cytoplasmic,unknown protein encoded by prophage CP-933X [Escherichia coli O157:H7 str. EDL933]
AAG56041.1,"Alanine racemase, catabolic",dadX,0,4376300,0,0.002632288446319282,-Inf,Cytoplasmic,"alanine racemase 2, catabolic [Escherichia coli O157:H7 str. EDL933]"
I6DL73,Outer-membrane lipoprotein LolB,lolB,0,12357000,0,0.007432577366992063,-Inf,Unknown,Outer-membrane lipoprotein LolB OS=Shigella boydii 965-58 OX=766138 GN=lolB PE=3 SV=1 UPId=UP000004209 PPId=UP000000625
B7UQB0,Nitrate/nitrite response regulator protein NarL,narL,0,27014000,0,0.016248575300794984,-Inf,Cytoplasmic,DNA-binding response regulator in two-component regulatory system with NarX (Or NarQ) OS=Escherichia coli O127:H6 (strain E2348/69 / EPEC) OX=574521 GN=narL PE=4 SV=1 UPId=UP000008205 PPId=UP000000625
P09152,Respiratory nitrate reductase 1 alpha chain,narG,1859700,16395000,0.004884616004958647,0.009861382692549556,-1.0135447933135109,CytoplasmicMembrane,Respiratory nitrate reductase 1 alpha chain OS=Escherichia coli (strain K12) OX=83333 GN=narG PE=1 SV=4 UPId=UP000000625 PPId=UP000000625
P11349,Respiratory nitrate reductase 1 beta chain;Respiratory nitrate reductase 2 beta chain,narH;narY,2217300,27805000,0.00582387431725268,0.016724351678337326,-1.521899158940877,CytoplasmicMembrane,Respiratory nitrate reductase 1 beta chain OS=Escherichia coli (strain K12) OX=83333 GN=narH PE=1 SV=3 UPId=UP000000625 PPId=UP000000625
AAG56094.1,DNA-binding protein H-NS,hns,235870000,4409300000,0.619527008167767,2.652137524017003,-2.09791650406253,Cytoplasmic,"DNA-binding protein HLP-II (HU, BH2, HD, NS); pleiotropic regulator [Escherichia coli O157:H7 str. EDL933]"
P24171,Peptidyl-dipeptidase dcp,dcp,207490,9642600,5.449851991551701e-4,0.0057999005032740684,-3.4117391966999553,Cytoplasmic,Dipeptidyl carboxypeptidase OS=Escherichia coli (strain K12) OX=83333 GN=dcp PE=1 SV=4 UPId=UP000000625 PPId=UP000000625
AAG56270.1,Uncharacterized sulfatase YdeN,ydeN,0,1128600,0,6.788384572620573e-4,-Inf,Unknown,putative sulfatase [Escherichia coli O157:H7 str. EDL933]
B7LR81,Glucans biosynthesis protein D,mdoD,0,6217900,0,0.003739987279292704,-Inf,Periplasmic,Glucans biosynthesis protein D OS=Escherichia fergusonii (strain ATCC 35469 / DSM 13698 / CDC 0568-73) OX=585054 GN=mdoD PE=3 SV=1 UPId=UP000000745 PPId=UP000000625
P25553,Lactaldehyde dehydrogenase,aldA,3583000,33549000,0.009410969051872255,0.020179294172146697,-1.100460522293193,Cytoplasmic,Lactaldehyde dehydrogenase OS=Escherichia coli (strain K12) OX=83333 GN=aldA PE=1 SV=2 UPId=UP000000625 PPId=UP000000625
AAG56367.1,FMN-dependent NADH-azoreductase,azoR,0,186720000,0,0.11230969053692304,-Inf,Cytoplasmic,acyl carrier protein phosphodiesterase [Escherichia coli O157:H7 str. EDL933]
ENO09670.1,Heat shock protein HslJ,hslJ,0,14274000,0,0.008585628335068764,-Inf,Unknown,heat-inducible protein [Escherichia coli O157:H43 str. T22]
AAG56467.1,Universal stress protein E,uspE;ECPG_02531,0,22610000,0,0.013599625658953675,-Inf,Cytoplasmic,"orf, hypothetical protein [Escherichia coli O157:H7 str. EDL933]"
AAG56472.1,Uncharacterized protein YcjY,ycjY,0,2369900,0,0.0014254645222978467,-Inf,Unknown,"orf, hypothetical protein [Escherichia coli O157:H7 str. EDL933]"
AAG56500.1,Phage shock protein A,pspA,14244000,293550000,0.0374127388152019,0.17656656842927249,-2.2386107172720107,CytoplasmicMembrane,"phage shock protein, putative inner membrane protein [Escherichia coli O157:H7 str. EDL933]"
Q3Z120,Protein YciN,yciN,11820000,121270000,0.031045954282202082,0.07294235310310977,-1.232351463875834,Unknown,Uncharacterized protein OS=Shigella sonnei (strain Ss046) OX=300269 GN=yciN PE=4 SV=1 UPId=UP000002529 PPId=UP000000625
AAG56559.1,Protein YciE,yciE,4474600,40534000,0.01175281108554496,0.02438068228483097,-1.052732632057332,Cytoplasmic,"orf, hypothetical protein [Escherichia coli O157:H7 str. EDL933]"
P0AAJ1,Probable anaerobic dimethyl sulfoxide reductase chain YnfG,ynfG,0,1133600,0,6.818458932768635e-4,-Inf,Unknown,Probable anaerobic dimethyl sulfoxide reductase chain YnfG OS=Escherichia coli (strain K12) OX=83333 GN=ynfG PE=3 SV=2 UPId=UP000000625 PPId=UP000000625
AAG56599.1,"Fumarate hydratase class I, aerobic",fumA,0,1798200,0,0.0010815942883649048,-Inf,Cytoplasmic,fumarase A = fumarate hydratase Class I; aerobic isozyme [Escherichia coli O157:H7 str. EDL933]
AAG56600.1,Mannose-6-phosphate isomerase,manA,0,16975000,0,0.010210245270267076,-Inf,Periplasmic,mannose-6-phosphate isomerase [Escherichia coli O157:H7 str. EDL933]
AAG56601.1,Protein YdgA,ydgA;Q609_ECAC00657G0001,1101500,22711000,0.0028931572455030115,0.01366037586645276,-2.239280537869357,CytoplasmicMembrane,"orf, hypothetical protein [Escherichia coli O157:H7 str. EDL933]"
W0AVF8,OriC-binding nucleoid-associated protein,cnu,3946100,66243000,0.010364673451184234,0.03984431678576153,-1.9426992956596973,Unknown,OriC-binding nucleoid-associated protein OS=Escherichia albertii KF1 OX=1440052 GN=EAKF1_ch4426c PE=4 SV=1 UPId=UP000018871 PPId=UP000000625
AAG56624.1,Glutathione S-transferase GstA,gstA,0,26883000,0,0.01616978047720706,-Inf,Cytoplasmic,glutathionine S-transferase [Escherichia coli O157:H7 str. EDL933]
AAG56639.1,N-ethylmaleimide reductase,nemA,0,2237000,0,0.0013455268730242977,-Inf,Cytoplasmic,hypothetical protein Z2668 [Escherichia coli O157:H7 str. EDL933]
EFX11249.1,Putative monooxygenase YdhR,ydhR,16946000,211600000,0.04450970738292694,0.12727469214659876,-1.5157536546752455,Unknown,putative monooxygenase [Escherichia coli O157:H7 str. G5101]
AAG56699.1,Integration host factor subunit alpha,ihfA,52435000,502340000,0.1377237405065369,0.30215108153555015,-1.1334928366917674,Cytoplasmic,"integration host factor (IHF), alpha subunit; site specific recombination [Escherichia coli O157:H7 str. EDL933]"
AAG56703.1,50S ribosomal protein L20,rplT,28575000,345300000,0.07505398846141494,0.20769353118251674,-1.4684556371512967,Cytoplasmic,"50S ribosomal subunit protein L20, and regulator [Escherichia coli O157:H7 str. EDL933]"
PXF68648.1,Uncharacterized protein YniA,yniA,0,12627000,0,0.007594978911791598,-Inf,Unknown,fructosamine kinase family protein [Escherichia coli O157]
AAG56729.1,Spheroplast protein Y,spy,10910000,110620000,0.028655783521051158,0.06653651439157254,-1.2153199469047067,Periplasmic,periplasmic protein related to spheroblast formation [Escherichia coli O157:H7 str. EDL933]
AAG56732.1,N-succinylglutamate 5-semialdehyde dehydrogenase,astD,0,6136300,0,0.0036909059235310667,-Inf,Cytoplasmic,putative aldehyde dehydrogenase [Escherichia coli O157:H7 str. EDL933]
EZA75034.1,Thiosulfate sulfurtransferase YnjE;Sulfurtransferase,ynjE,0,25101000,0,0.015097930281530126,-Inf,Periplasmic,thiosulfate sulfurtransferase [Escherichia coli O157:H16 str. 98-3133]
P00370,"NADP-specific glutamate dehydrogenase",gdhA,913360,26945000,0.002398996007038248,0.016207072683790655,-2.756120873794734,OuterMembrane,"NADP-specific glutamate dehydrogenase OS=Escherichia coli (strain K12) OX=83333 GN=gdhA PE=1 SV=1 UPId=UP000000625 PPId=UP000000625"
AAG56751.1,Putative NAD(P)H nitroreductase YdjA,ydjA,0,21517000,0,0.012942200146117038,-Inf,Unknown,"orf, hypothetical protein [Escherichia coli O157:H7 str. EDL933]"
P0AEB7,RutC family protein YoaB,yoaB,0,32397000,0,0.019486380914335345,-Inf,Cytoplasmic,RutC family protein YoaB OS=Escherichia coli (strain K12) OX=83333 GN=yoaB PE=3 SV=1 UPId=UP000000625 PPId=UP000000625
AYV41625.1,Mannose permease IID component,manZ,1778900,35266000,0.004672389853858653,0.02121204769963115,-2.1826513381590713,CytoplasmicMembrane,PTS mannose transporter subunit IID [Escherichia coli O157:H7]
AAG56817.1,Transcriptional regulator KdgR,kdgR,320060,27536000,8.40657201993367e-4,0.01656255162074075,-4.3002635137017675,Cytoplasmic,putative regulator [Escherichia coli O157:H7 str. EDL933]
P23865,Tail-specific protease,prc,551200,5521800,0.0014477605753257011,0.003321292037311384,-1.1979215477099021,CytoplasmicMembrane,Tail-specific protease OS=Escherichia coli (strain K12) OX=83333 GN=prc PE=1 SV=2 UPId=UP000000625 PPId=UP000000625
P0AC53,Glucose-6-phosphate 1-dehydrogenase;Extracellular death factor,zwf,4762500,87617000,0.012508998076902488,0.052700504261855116,-2.0748505265222366,Cytoplasmic,Glucose-6-phosphate 1-dehydrogenase OS=Escherichia coli (strain K12) OX=83333 GN=zwf PE=1 SV=1 UPId=UP000000625 PPId=UP000000625
AAG56860.1,tRNA (cmo5U34)-methyltransferase,cmoA,0,1220200,0,7.33934685053307e-4,-Inf,Cytoplasmic,"orf, hypothetical protein [Escherichia coli O157:H7 str. EDL933]"
F5NVV4,Universal stress protein C,uspC,0,7891500,0,0.004746636262168639,-Inf,Cytoplasmic,Universal stress protein A OS=Shigella flexneri K-227 OX=766147 GN=SFK227_2264 PE=4 SV=1 UPId=UP000004520 PPId=UP000000625
EYX07613.1,AMP nucleosidase,amn,0,5257500,0,0.0031623189695687277,-Inf,Cytoplasmic,"AMP nucleosidase, partial [Escherichia coli O157:H7 str. 08-3037]"
AAG57086.1,Chain length determinant protein,EC970246_0378;wzzB,642410,31547000,0.0016873292293087512,0.01897511679181829,-3.491295362620215,CytoplasmicMembrane,regulator of length of O-antigen component of lipopolysaccharide chains [Escherichia coli O157:H7 str. EDL933]
Q7DBF6,NA,fcI,0,3627500,0,0.0021818948287419043,-Inf,Cytoplasmic,GDP-L-fucose synthase OS=Escherichia coli O157:H7 OX=83334 GN=wcaG PE=3 SV=1 UPId=UP000000558 PPId=UP000000625
AAG57175.1,Methionine--tRNA ligase,metG,405350,12771000,0.0010646766132225561,0.0076815930690180174,-2.850990249170248,Cytoplasmic,methionine tRNA synthetase [Escherichia coli O157:H7 str. EDL933]
Q8X655,NA,Z3393,3644300,53207000,0.009571977258090444,0.032003329607958785,-1.7413331357645991,Cytoplasmic,"Gentisate 1,2-dioxygenase OS=Escherichia coli O157:H7 OX=83334 GN=gtdA PE=1 SV=1 UPId=UP000000558 PPId=UP000000625"
EZA71028.1,"NAD-dependent dihydropyrimidine dehydrogenase subunit PreT",preT,0,3378800,0,0.0020323049613654434,-Inf,Cytoplasmic,dihydropyrimidine dehydrogenase [Escherichia coli O157:H16 str. 98-3133]
AAG57285.1,"NAD-dependent dihydropyrimidine dehydrogenase subunit PreA",preA,0,10164000,0,0.00611351593089806,-Inf,Cytoplasmic,putative oxidoreductase [Escherichia coli O157:H7 str. EDL933]
AAG57307.1,Multiphosphoryl transfer protein;Phosphocarrier protein HPr;Fructose-specific phosphotransferase enzyme IIA component,fruB,2084400,39311000,0.005474804323673606,0.02364506343560937,-2.110659705271797,Cytoplasmic,"PTS system, fructose-specific IIA/fpr component [Escherichia coli O157:H7 str. EDL933]"
I2S1S5,Glycerol-3-phosphate transporter,EC970246_1146;ECHG_02142;glpT;ECJG_01984,0,10119000,0,0.006086449006764804,-Inf,CytoplasmicMembrane,Putative glycerol-3-phosphate transporter OS=Escherichia coli 97.0246 OX=869670 GN=EC970246_1146 PE=4 SV=1 UPId=UP000004454 PPId=UP000000625
AAG57410.1,"NADH-quinone oxidoreductase subunit I",nuoI,0,26985000,0,0.016231132171909107,-Inf,Cytoplasmic,"NADH dehydrogenase I chain I [Escherichia coli O157:H7 str. EDL933]"
AAG57474.1,Probable phospholipid-binding lipoprotein MlaA,mlaA,0,4193800,0,0.0025225170317788553,-Inf,OuterMembrane,lipoprotein precursor [Escherichia coli O157:H7 str. EDL933]
P04805,Glutamate--tRNA ligase,gltX,2324800,67169000,0.006106229654421607,0.040401293935703644,-2.72604774380343,Cytoplasmic,Glutamate--tRNA ligase OS=Escherichia coli (strain K12) OX=83333 GN=gltX PE=1 SV=1 UPId=UP000000625 PPId=UP000000625
AAG57533.1,Cysteine synthase A,cysK,16267000,191540000,0.04272627227652972,0.11520885885519623,-1.4310562981177404,Cytoplasmic,"cysteine synthase A, O-acetylserine sulfhydrolase A [Escherichia coli O157:H7 str. EDL933]"
W1EWT2,Thiosulfate-binding protein,cysP,0,1480000,0,8.902010603826378e-4,-Inf,Periplasmic,Sulfate and thiosulfate binding protein CysP OS=Escherichia coli ISC7 OX=1432555 PE=4 SV=1 UPId=UP000019199 PPId=UP000000625
P0A867,Transaldolase A,talA,2237800,20837000,0.005877718823410475,0.012533188848103392,-1.0924252790563014,Cytoplasmic,Transaldolase A OS=Escherichia coli (strain K12) OX=83333 GN=talA PE=3 SV=1 UPId=UP000000625 PPId=UP000000625
P33570,Transketolase 2,tktB,730580,18491000,0.0019189131370127917,0.011122099869956319,-2.5350678848829453,Cytoplasmic,Transketolase 2 OS=Escherichia coli (strain K12) OX=83333 GN=tktB PE=1 SV=1 UPId=UP000000625 PPId=UP000000625
W1ETC7,Uracil phosphoribosyltransferase,upp;EC90111_0902,4256300,57022000,0.011179432758996338,0.03429800328725592,-1.6172776019267943,Cytoplasmic,Uracil phosphoribosyltransferase OS=Escherichia coli ISC7 OX=1432555 PE=3 SV=1 UPId=UP000019199 PPId=UP000000625
P77774,Outer membrane protein assembly factor BamB,bamB,13349000,124810000,0.03506196647319083,0.07507161780159256,-1.0983606607119896,OuterMembrane,Outer membrane protein assembly factor BamB OS=Escherichia coli (strain K12) OX=83333 GN=bamB PE=1 SV=1 UPId=UP000000625 PPId=UP000000625
AAG57634.1,Uncharacterized lipoprotein YfhM,yfhM,0,756870,0,4.552476193052749e-4,-Inf,Unknown,"orf, hypothetical protein [Escherichia coli O157:H7 str. EDL933]"
AAG57635.1,3-mercaptopyruvate sulfurtransferase,sseA,6266800,59227000,0.01646013420437428,0.03562428256978546,-1.113884861784297,Unknown,putative thiosulfate sulfurtransferase [Escherichia coli O157:H7 str. EDL933]
AAG57643.1,Iron-sulfur cluster assembly scaffold protein IscU,iscU,0,5093800,0,0.003063855514443973,-Inf,Cytoplasmic,"orf, hypothetical protein [Escherichia coli O157:H7 str. EDL933]"
AAG57644.1,Cysteine desulfurase IscS,iscS,923150,28594000,0.0024247100419301907,0.017198925081473745,-2.826434261939024,Cytoplasmic,putative aminotransferase [Escherichia coli O157:H7 str. EDL933]
AAG57665.1,Serine hydroxymethyltransferase,glyA,4554500,63713000,0.011962673331496563,0.03832255416226959,-1.6796538899565496,Cytoplasmic,serine hydroxymethyltransferase [Escherichia coli O157:H7 str. EDL933]
AAG57892.1,Enolase,eno;Q609_ECAC02481G0001,209020000,2112500000,0.5490038379074348,1.270641716255623,-1.210669150151877,Cytoplasmic,enolase [Escherichia coli O157:H7 str. EDL933]
ENO07364.1,Cysteine desulfurase CsdA,csdA,0,7619900,0,0.004583272337844365,-Inf,Cytoplasmic,cysteine sulfinate desulfinase [Escherichia coli O157:H43 str. T22]
AYV42970.1,Protein tas,tas,0,10545000,0,0.0063426825552262926,-Inf,Cytoplasmic,"NADP(H)-dependent aldo-keto reductase [Escherichia coli O157:H7]"
AAG58031.1,Glycine cleavage system H protein,gcvH,0,302350000,0,0.18185965581533142,-Inf,Unknown,"in glycine cleavage complex, carrier of aminomethyl moiety via covalently bound lipoyl cofactor [Escherichia coli O157:H7 str. EDL933]"
AAG58035.1,Xaa-Pro aminopeptidase,pepP,3806700,34427000,0.009998530809311222,0.020707399936346665,-1.0503583921626238,Cytoplasmic,proline aminopeptidase P II [Escherichia coli O157:H7 str. EDL933]
AAG58048.1,Uncharacterized protein YggE,yggE,9860700,103150000,0.025899732774154825,0.06204340498545208,-1.260340651975016,Periplasmic,putative actin [Escherichia coli O157:H7 str. EDL933]
AAG58069.1,Biosynthetic arginine decarboxylase,speA,3854600,41200000,0.010124343094431144,0.02478127276200316,-1.2914219824182918,Periplasmic,biosynthetic arginine decarboxylase [Escherichia coli O157:H7 str. EDL933]
AAG58073.1,S-adenosylmethionine synthase,metK,8406300,97922000,0.022079662054354937,0.05889882988837071,-1.415520882323019,Cytoplasmic,"methionine adenosyltransferase 1 (AdoMet synthetase); methyl and propylamine donor, corepressor of met genes [Escherichia coli O157:H7 str. EDL933]"
AAG58082.1,UPF0001 protein YggS,yggS,556820,16268000,0.001462521849696765,0.00978499381777348,-2.7421127610012648,Cytoplasmic,"orf, hypothetical protein [Escherichia coli O157:H7 str. EDL933]"
AAG58125.1,Bifunctional glutathionylspermidine synthetase/amidase;Glutathionylspermidine amidase;Glutathionylspermidine synthetase,gss,340850,8057200,8.952634109211996e-4,0.004846302691699316,-2.436500385653845,Cytoplasmic,glutathionylspermidine synthetase/amidase [Escherichia coli O157:H7 str. EDL933]
AAG58131.1,Hydrogenase-2 large chain,hybC,180870,25201000,4.750661379883156e-4,0.015158079001826252,-4.995814743470163,CytoplasmicMembrane,"probable large subunit, hydrogenase-2 [Escherichia coli O157:H7 str. EDL933]"
AAG58137.1,L-glyceraldehyde 3-phosphate reductase,gpr,2417400,30343000,0.006349449228578283,0.018250926199452955,-1.5232663213848145,Cytoplasmic,putative reductase [Escherichia coli O157:H7 str. EDL933]
AAG58147.1,Alcohol dehydrogenase YqhD,yqhD;Q609_ECAC00544G0001,842720,73199000,0.002213455718502313,0.04402826176955993,-4.314057471108653,Cytoplasmic,putative oxidoreductase [Escherichia coli O157:H7 str. EDL933]
AAG58177.1,Putative acid--amine ligase YgiC,ygiC,0,1550300,0,9.324856107508129e-4,-Inf,Cytoplasmic,putative synthetase/amidase [Escherichia coli O157:H7 str. EDL933]
AAG58201.1,RNA polymerase sigma factor RpoD,rpoD,676680,22627000,0.0017773414842369292,0.013609850941404013,-2.936858465114817,Cytoplasmic,"RNA polymerase, sigma(70) factor; regulation of proteins induced at high temperatures [Escherichia coli O157:H7 str. EDL933]"
W0AWZ2,Putative reactive intermediate deaminase TdcF,tdcF,61651000,1174200000,0.16193012922606095,0.7062662737170899,-2.1248407622678855,Cytoplasmic,Aminoacrylate peracid reductase OS=Escherichia albertii KF1 OX=1440052 GN=EAKF1_ch2820 PE=4 SV=1 UPId=UP000018871 PPId=UP000000625
AAG58289.1,Protein YhbO,yhbO,0,13216000,0,0.00794925487433577,-Inf,Cytoplasmic,"orf, hypothetical protein [Escherichia coli O157:H7 str. EDL933]"
I6CG11,Lipoprotein NlpI,nlpI,0,7197400,0,0.004329143994593241,-Inf,CytoplasmicMembrane,Lipoprotein NlpI OS=Shigella flexneri K-315 OX=766150 GN=nlpI PE=4 SV=1 UPId=UP000005407 PPId=UP000000625
P05055,Polyribonucleotide nucleotidyltransferase,pnp,34845000,924440000,0.09152252766187238,0.5560388299054903,-2.602986832292768,Cytoplasmic,Polyribonucleotide nucleotidyltransferase OS=Escherichia coli (strain K12) OX=83333 GN=pnp PE=1 SV=3 UPId=UP000000625 PPId=UP000000625
AAG58303.1,Ribosome-binding factor A,rbfA,4827100,76536000,0.012678673935331442,0.046035424565841594,-1.8603405903242556,Cytoplasmic,ribosome-binding factor A [Escherichia coli O157:H7 str. EDL933]
AAG58305.1,Transcription termination/antitermination protein NusA,nusA,689590,24821000,0.0018112503903099605,0.014929513864700978,-3.0431092833719635,Cytoplasmic,transcription pausing; L factor [Escherichia coli O157:H7 str. EDL933]
F5P083,RNA-binding protein YhbY,yhbY,0,40391000,0,0.024294669614807512,-Inf,Unknown,RNA-binding protein YhbY OS=Shigella flexneri K-227 OX=766147 GN=SFK227_3840 PE=4 SV=1 UPId=UP000004520 PPId=UP000000625
AAG58320.1,50S ribosomal protein L21,rplU,19914000,182950000,0.052305341250065335,0.11004208378175916,-1.0730251818267444,Cytoplasmic,50S ribosomal subunit protein L21 [Escherichia coli O157:H7 str. EDL933]
AAG58326.1,Probable phospholipid-binding protein MlaC,mlaC,10735000,194900000,0.028196135297752906,0.11722985585714599,-2.0557707007988677,Unknown,"orf, hypothetical protein [Escherichia coli O157:H7 str. EDL933]"
P0AFZ3,Stringent starvation protein B,sspB,3827000,99867000,0.010051850003213821,0.06006872249813031,-2.579152933752184,Cytoplasmic,Stringent starvation protein B OS=Escherichia coli (strain K12) OX=83333 GN=sspB PE=1 SV=1 UPId=UP000000625 PPId=UP000000625
AAG58357.1,Stringent starvation protein A,sspA,0,79476000,0,0.04780379694254764,-Inf,Cytoplasmic,regulator of transcription; stringent starvation protein A [Escherichia coli O157:H7 str. EDL933]
EDZ75379.1,DNA-binding protein Fis,fis;Q609_ECAC02560G0001,0,81265000,0,0.0488798575486453,-Inf,Cytoplasmic,DNA-binding protein Fis [Escherichia coli O157:H7 str. EC4206]
AAG58412.1,Large-conductance mechanosensitive channel,mscL,0,115720000,0,0.06960409912667488,-Inf,CytoplasmicMembrane,mechanosensitive channel [Escherichia coli O157:H7 str. EDL933]
AAG58431.1,50S ribosomal protein L14,rplN,24770000,272500000,0.06505992280627289,0.16390526280693837,-1.333021162705039,Cytoplasmic,50S ribosomal subunit protein L14 [Escherichia coli O157:H7 str. EDL933]
AAG58437.1,30S ribosomal protein S19,rpsS,1246900,43846000,0.0032750592550319607,0.026372807901038603,-3.009458268065298,Cytoplasmic,30S ribosomal subunit protein S19 [Escherichia coli O157:H7 str. EDL933]
AAG58488.1,Cell division protein DamX,damX,0,12103000,0,0.007279799617439907,-Inf,Unknown,putative membrane protein; interferes with cell division [Escherichia coli O157:H7 str. EDL933]
AAG58490.1,Shikimate kinase 1,aroK,0,2713600,0,0.0016321956739556254,-Inf,Cytoplasmic,shikimate kinase I [Escherichia coli O157:H7 str. EDL933]
AAG58497.1,ADP compounds hydrolase NudE,nudE,0,4546000,0,0.0027343608246618045,-Inf,Cytoplasmic,"orf, hypothetical protein [Escherichia coli O157:H7 str. EDL933]"
AAG58501.1,33 kDa chaperonin,hslO,0,4785300,0,0.0028782967123304297,-Inf,Cytoplasmic,"orf, hypothetical protein [Escherichia coli O157:H7 str. EDL933]"
P0AC86,Glycogen phosphorylase,glgP,0,883300,0,5.312936463756648e-4,-Inf,Cytoplasmic,Glycogen phosphorylase OS=Escherichia coli (strain K12) OX=83333 GN=glgP PE=3 SV=1 UPId=UP000000625 PPId=UP000000625
AAG58569.1,Leu/Ile/Val-binding protein,livJ,478210,20725000,0.001256047867791189,0.012465822281371733,-3.3110146989925493,Periplasmic,high-affinity amino acid transport system; periplasmic binding protein [Escherichia coli O157:H7 str. EDL933]
AAG58581.1,Protein DcrB,dcrB,2174200,49294000,0.00571066952625751,0.029649710182771447,-2.3762861988755812,Periplasmic,"orf, hypothetical protein [Escherichia coli O157:H7 str. EDL933]"
KIQ47473.1,Uncharacterized protein YhiI,yhiI,0,1732500,0,0.0010420765791303512,-Inf,CytoplasmicMembrane,membrane protein [Escherichia coli]
AAG58627.1,Universal stress protein A,uspA,0,436990000,0,0.26284389282203297,-Inf,Cytoplasmic,universal stress protein; broad regulatory function [Escherichia coli O157:H7 str. EDL933]
P27298,Oligopeptidase A,prlC,1947300,36917000,0.005114702772735374,0.022205103071720158,-2.118168958869596,Cytoplasmic,Oligopeptidase A OS=Escherichia coli (strain K12) OX=83333 GN=prlC PE=3 SV=3 UPId=UP000000625 PPId=UP000000625
ENO10059.1,Multidrug resistance protein MdtF,mdtF,0,4340100,0,0.002610514609572085,-Inf,CytoplasmicMembrane,"multidrug transporter MdtF, RpoS-dependent [Escherichia coli O157:H43 str. T22]"
AAG58688.1,Periplasmic dipeptide transport protein,dppA,1200900,20951000,0.00315423743633642,0.012601758389240974,-1.9982618858467611,Periplasmic,dipeptide transport protein [Escherichia coli O157:H7 str. EDL933]
I6CAN6,Alpha-amylase,malS,0,1905300,0,0.0011460135678020538,-Inf,Periplasmic,"Alpha amylase, catalytic domain protein OS=Shigella flexneri K-315 OX=766150 GN=SFK315_4569 PE=4 SV=1 UPId=UP000005407 PPId=UP000000625"
AAG58754.1,Serine acetyltransferase,cysE,907060,26729000,0.002382448670999511,0.01607715144795103,-2.754494775004126,Cytoplasmic,serine acetyltransferase [Escherichia coli O157:H7 str. EDL933]
AAG58756.1,Protein-export protein SecB,secB,44430000,733980000,0.11669811749223674,0.44147957722949216,-1.91956541209317,Cytoplasmic,protein export; molecular chaperone; may bind to signel sequence [Escherichia coli O157:H7 str. EDL933]
P0AB77,2-amino-3-ketobutyrate coenzyme A ligase,kbl,4342800,114600000,0.011406630309369475,0.0689304334593583,-2.595268426837686,Cytoplasmic,2-amino-3-ketobutyrate coenzyme A ligase OS=Escherichia coli (strain K12) OX=83333 GN=kbl PE=1 SV=1 UPId=UP000000625 PPId=UP000000625
AAG58788.1,UPF0701 protein YicC,yicC,8147100,117480000,0.021398857371618323,0.07066271660388668,-1.723415450682608,Cytoplasmic,putative alpha helix protein [Escherichia coli O157:H7 str. EDL933]
B7UMJ3,Phosphate-binding protein PstS,pstS,500830,7859900,0.0013154606838540837,0.004727629266555063,-1.8455487757610842,Periplasmic,Phosphate-binding protein PstS OS=Escherichia coli O127:H6 (strain E2348/69 / EPEC) OX=574521 GN=pstS PE=3 SV=1 UPId=UP000008205 PPId=UP000000625
P17169,Glutamine--fructose-6-phosphate aminotransferase [isomerizing],glmS,1691700,161840000,0.004443353710592323,0.09734468892724735,-4.453381372510869,Cytoplasmic,Glutamine--fructose-6-phosphate aminotransferase [isomerizing] OS=Escherichia coli (strain K12) OX=83333 GN=glmS PE=1 SV=4 UPId=UP000000625 PPId=UP000000625
Q83IY3,Bifunctional protein GlmU;UDP-N-acetylglucosamine pyrophosphorylase;Glucosamine-1-phosphate N-acetyltransferase,glmU,2592500,78750000,0.006809360108004137,0.04736711723319778,-2.798294735861166,Cytoplasmic,Bifunctional protein GlmU OS=Shigella flexneri OX=623 GN=glmU PE=3 SV=1 UPId=UP000001006 PPId=UP000000625
AAG58934.1,ATP synthase epsilon chain,atpC,0,45767000,0,0.027528264817927143,-Inf,Cytoplasmic,"membrane-bound ATP synthase, F1 sector, epsilon-subunit [Escherichia coli O157:H7 str. EDL933]"
P05791,Dihydroxy-acid dehydratase,ilvD,0,12036000,0,0.007239499974841504,-Inf,Cytoplasmic,Dihydroxy-acid dehydratase OS=Escherichia coli (strain K12) OX=83333 GN=ilvD PE=1 SV=5 UPId=UP000000625 PPId=UP000000625
AAG58981.1,UDP-N-acetylglucosamine 2-epimerase,wecB,0,6388600,0,0.0038426611448381886,-Inf,Cytoplasmic,UDP-N-acetyl glucosamine -2-epimerase; synthesis of enterobacterial common antigen (ECA) [Escherichia coli O157:H7 str. EDL933]
Q8X8P4,NA,Z5331,0,2612100,0,0.0015711447228550592,-Inf,Unknown,Acetolactate synthase OS=Escherichia coli O157:H7 OX=83334 GN=ECs_4744 PE=4 SV=1 UPId=UP000000558 PPId=UP000000625
AAG59017.1,Phospholipase A1,pldA,772220,11563000,0.002028283148545016,0.006954996527840838,-1.777790727744961,OuterMembrane,outer membrane phospholipase A [Escherichia coli O157:H7 str. EDL933]
AAG59027.1,Uridine phosphorylase,udp,58188000,651000000,0.15283434752730748,0.3915681691277683,-1.3572946852226253,Cytoplasmic,uridine phosphorylase [Escherichia coli O157:H7 str. EDL933]
AAG59041.1,Xaa-Pro dipeptidase,pepQ,2318300,28152000,0.006089157006127673,0.016933067737764873,-1.4755289499815392,Cytoplasmic,proline dipeptidase [Escherichia coli O157:H7 str. EDL933]
P00582,DNA polymerase I,polA,1392300,23506000,0.00365696126456091,0.014138558192806945,-1.950917755503037,Cytoplasmic,DNA polymerase I OS=Escherichia coli (strain K12) OX=83333 GN=polA PE=1 SV=1 UPId=UP000000625 PPId=UP000000625
AAG59059.1,Glutamine synthetase,glnA,17035000,177830000,0.04474347133649005,0.10696246930259759,-1.2573555819592257,Cytoplasmic,glutamine synthetase [Escherichia coli O157:H7 str. EDL933]
AAG59119.1,Glycerol kinase,glpK,0,620200,0,3.7304236327656207e-4,-Inf,Cytoplasmic,glycerol kinase [Escherichia coli O157:H7 str. EDL933]
AAG59127.1,ATP-dependent protease subunit HslV,hslV;EC236275_5154,14979000,526780000,0.03934326135305457,0.31685142877592287,-3.0096180614313464,Cytoplasmic,"heat shock protein hslVU, proteasome-related peptidase subunit [Escherichia coli O157:H7 str. EDL933]"
AAG59163.1,Hydrogen peroxide-inducible genes activator,oxyR,0,22688000,0,0.01364654166078465,-Inf,Cytoplasmic,"activator, hydrogen peroxide-inducible genes [Escherichia coli O157:H7 str. EDL933]"
AAG59203.1,Bifunctional purine biosynthesis protein PurH;Phosphoribosylaminoimidazolecarboxamide formyltransferase;IMP cyclohydrolase;Bifunctional purine biosynthesis protein PurH,purH,322840,12239000,8.479590423406193e-4,0.007361601877042637,-3.1179532421007483,Cytoplasmic,phosphoribosylaminoimidazolecarboxamide formyltransferase = AICAR formyltransferase; IMP cyclohydrolase [Escherichia coli O157:H7 str. EDL933]
Q8X609,Malate synthase,aceB,0,2607900,0,0.001568618476602622,-Inf,Cytoplasmic,Malate synthase OS=Escherichia coli O157:H7 OX=83334 GN=aceB PE=3 SV=1 UPId=UP000000558 PPId=UP000000625
P0A9G6,Isocitrate lyase,aceA,1257900,16213000,0.003303951429067851,0.00975191202161061,-1.5614926324660217,Cytoplasmic,Isocitrate lyase OS=Escherichia coli (strain K12) OX=83333 GN=aceA PE=1 SV=1 UPId=UP000000625 PPId=UP000000625
AAG59234.1,Maltose/maltodextrin import ATP-binding protein MalK,malK,2767800,53374000,0.007269796299685188,0.032103777970853314,-2.142756238227024,Cytoplasmic,ATP-binding component of transport system for maltose [Escherichia coli O157:H7 str. EDL933]
P0A698,UvrABC system protein A,uvrA,0,864430,0,5.199435828557861e-4,-Inf,Cytoplasmic,UvrABC system protein A OS=Escherichia coli (strain K12) OX=83333 GN=uvrA PE=1 SV=1 UPId=UP000000625 PPId=UP000000625
AAG59268.1,Cytochrome c-552,nrfA,0,7981900,0,0.0048010107053163345,-Inf,Periplasmic,periplasmic cytochrome c(552): plays a role in nitrite reduction [Escherichia coli O157:H7 str. EDL933]
P0A8N5,"Lysine--tRNA ligase, heat inducible",lysU,2417100,25378000,0.006348661260195486,0.015264542236750389,-1.2656600171851047,Cytoplasmic,"Lysine--tRNA ligase, heat inducible OS=Escherichia coli (strain K12) OX=83333 GN=lysU PE=1 SV=2 UPId=UP000000625 PPId=UP000000625"
AAG59331.1,"Lysine decarboxylase, inducible",cadA,180930,5545700,4.7522373166487505e-4,0.003335667581462158,-2.8112967348740323,Cytoplasmic,lysine decarboxylase 1 [Escherichia coli O157:H7 str. EDL933]
AAG59359.1,Phosphatidylserine decarboxylase proenzyme;Phosphatidylserine decarboxylase alpha chain;Phosphatidylserine decarboxylase beta chain,psd,0,22267000,0,0.013393315548337968,-Inf,CytoplasmicMembrane,phosphatidylserine decarboxylase; phospholipid synthesis [Escherichia coli O157:H7 str. EDL933]
AAG59371.1,Modulator of FtsH protease HflC,hflC,873940,37066000,0.0022954569615387214,0.022294724664961383,-3.279849095052202,Cytoplasmic,protease specific for phage lambda cII repressor [Escherichia coli O157:H7 str. EDL933]
AAG59375.1,Ribonuclease R,rnr,0,10506000,0,0.006319224554310805,-Inf,Cytoplasmic,putative enzyme [Escherichia coli O157:H7 str. EDL933]
AAG59396.1,"30S ribosomal protein S6;30S ribosomal protein S6, fully modified isoform;30S ribosomal protein S6, non-modified isoform",rpsF,62989000,619540000,0.1654444682133356,0.37264538172260764,-1.1714563254959174,Cytoplasmic,30S ribosomal subunit protein S6 [Escherichia coli O157:H7 str. EDL933]
AAG59407.1,Iron-sulfur cluster repair protein YtfE,ytfE,0,1420500,0,8.544125718064438e-4,-Inf,Cytoplasmic,"orf, hypothetical protein [Escherichia coli O157:H7 str. EDL933]"
AAG59414.1,Uncharacterized protein YtfJ,ytfJ,609320,26522000,0.0016004163166862412,0.01595264359693805,-3.317276372768707,Unknown,"orf, hypothetical protein [Escherichia coli O157:H7 str. EDL933]"
AAG59432.1,Metalloprotease PmbA,pmbA,0,15290000,0,0.009196739333277384,-Inf,Cytoplasmic,"maturation of antibiotic MccB17, see tld genes [Escherichia coli O157:H7 str. EDL933]"
AAG59443.1,Aspartate carbamoyltransferase catalytic chain,pyrB,1806400,28230000,0.004744620288948379,0.016979983739595854,-1.8394705389638055,Cytoplasmic,"aspartate carbamoyltransferase, catalytic subunit [Escherichia coli O157:H7 str. EDL933]"
P07118,Valine--tRNA ligase,valS,931510,14832000,0.002446668094197467,0.008921258194321137,-1.866428788409948,Cytoplasmic,Valine--tRNA ligase OS=Escherichia coli (strain K12) OX=83333 GN=valS PE=1 SV=2 UPId=UP000000625 PPId=UP000000625
PXF68216.1,Aldehyde reductase Ahr,ahr,0,5531100,0,0.0033268858682989236,-Inf,Cytoplasmic,alcohol dehydrogenase [Escherichia coli O157]
AAG59562.1,Deoxyribose-phosphate aldolase,deoC,7179800,80021000,0.018858184649353175,0.048131607468161516,-1.351793802154102,Cytoplasmic,2-deoxyribose-5-phosphate aldolase [Escherichia coli O157:H7 str. EDL933]
AAG59563.1,Thymidine phosphorylase,deoA,11027000,159620000,0.028963091190341995,0.0960093873366734,-1.7289598850519823,Cytoplasmic,thymidine phosphorylase [Escherichia coli O157:H7 str. EDL933]
AAG59577.1,Protein CreA,creA,0,18196000,0,0.010944661145082753,-Inf,Unknown,"orf, hypothetical protein [Escherichia coli O157:H7 str. EDL933]"
ACI36849.1,Peptidase T,pepT,479610,9511600,0.0012597250535775753,0.0057211056796861465,-2.1831851071342094,Cytoplasmic,peptidase T [Escherichia coli O157:H7 str. EC4115]
AYV41069.1,Protein YciF,yciF,1103200,22985000,0.0028976223996721945,0.013825183360064138,-2.2543571055899365,Cytoplasmic,YciE/YciF family protein [Escherichia coli O157:H7]
ACI39814.1,Ribosomal RNA large subunit methyltransferase I,rlmI,0,6580000,0,0.00395778579548497,-Inf,Cytoplasmic,conserved hypothetical protein [Escherichia coli O157:H7 str. EC4115]
Q7DBF3,GDP-perosamine synthase,perA,2982300,29806000,0.007833193693385048,0.01792792757146277,-1.1945361876930112,Cytoplasmic,GDP-perosamine synthase OS=Escherichia coli O157:H7 OX=83334 GN=perA PE=1 SV=1 UPId=UP000000558 PPId=UP000000625
BAB33868.2,Recombination-associated protein RdgC,rdgC,675650,8294400,0.0017746361261226594,0.004988975456241723,-1.4912203291549952,Cytoplasmic,recombination-associated protein rdgC [Escherichia coli O157:H7 str. Sakai]
BAB35166.2,Periplasmic oligopeptide-binding protein,oppA,6055100,61246000,0.01590409118224719,0.03683868523256421,-1.211823639388811,Periplasmic,oligopeptide ABC transporter periplasmic binding protein [Escherichia coli O157:H7 str. Sakai]
BAB35174.2,Protein YciI,yciI,19712000,262260000,0.05177477587231535,0.15774603384861524,-1.6072824242116746,Unknown,hypothetical protein ECs_1751 [Escherichia coli O157:H7 str. Sakai]
BAB36707.1,Cell division protein ZipA,zipA,0,9447400,0,0.0056824902012560345,-Inf,CytoplasmicMembrane,cell division protein ZipA [Escherichia coli O157:H7 str. Sakai]
BAB36816.1,Co-chaperone protein HscB,hscB,0,15223000,0,0.009156439690678982,-Inf,Cytoplasmic,co-chaperone HscB [Escherichia coli O157:H7 str. Sakai]
BAB36822.1,Inositol-1-monophosphatase,suhB,3079300,65205000,0.00808797013715608,0.03921997306908776,-2.277738969318627,Cytoplasmic,inositol monophosphatase [Escherichia coli O157:H7 str. Sakai]
BAB36977.1,Alanine--tRNA ligase,alaS,8126900,77852000,0.021345800833843326,0.046826981724938585,-1.1333877614094936,Cytoplasmic,alanyl-tRNA synthetase [Escherichia coli O157:H7 str. Sakai]
PXF66102.1,Membrane-bound lytic murein transglycosylase B,mltB,0,1584300,0,9.529361756514951e-4,-Inf,CytoplasmicMembrane,murein transglycosylase B [Escherichia coli O157]
BAB37009.2,Hydrogenase isoenzymes formation protein HypE,hypE,561450,15716000,0.0014746828284045988,0.009452972881738873,-2.68036342023732,Cytoplasmic,carbamoyl dehydratase [Escherichia coli O157:H7 str. Sakai]
C8UGD9,Transcription elongation factor GreA,greA,8720300,101420000,0.022904402295015804,0.06100283212432913,-1.4132513076521735,Cytoplasmic,Transcription elongation factor GreA OS=Escherichia coli O111:H- (strain 11128 / EHEC) OX=585396 GN=greA PE=3 SV=1 UPId=UP000001614 PPId=UP000000625
EEC28047.1,Acetyl-coenzyme A carboxylase carboxyl transferase subunit beta,accD,0,1317600,0,7.92519538621732e-4,-Inf,Cytoplasmic,"acetyl-CoA carboxylase, carboxyl transferase, beta subunit [Escherichia coli O157:H7 str. TW14588]"
ENO09415.1,"NAD(P)H dehydrogenase (quinone)",wrbA,0,5921200,0,0.0035615260261741043,-Inf,Unknown,putative flavoprotein in Trp regulation [Escherichia coli O157:H43 str. T22]
EZA70160.1,UPF0339 protein YegP,yegP,0,26439000,0,0.015902720159092266,-Inf,Extracellular,hypothetical protein BY40_13605 [Escherichia coli O157:H16 str. 98-3133]
EZC37061.1,Erythronate-4-phosphate dehydrogenase,pdxB,0,5230400,0,0.003146018666368478,-Inf,Cytoplasmic,erythronate-4-phosphate dehydrogenase [Escherichia coli O157:H7 str. K4405]
F3WIS0,NA,NA,0,5588700,0,0.003361531531189491,-Inf,Cytoplasmic,Catalase-2 OS=Shigella boydii 5216-82 OX=766141 GN=SB521682_1914 PE=4 SV=1 UPId=UP000004081 PPId=UP000000625
P03841,Maltose operon periplasmic protein,malM;Q609_ECAC02674G0001,7328400,169880000,0.01924849165496529,0.10218064603905574,-2.4083046590701076,Periplasmic,Maltose operon periplasmic protein OS=Escherichia coli (strain K12) OX=83333 GN=malM PE=3 SV=1 UPId=UP000000625 PPId=UP000000625
P04825,Aminopeptidase N,pepN,132690,1473300,3.485184157111163e-4,8.861710961227974e-4,-1.346350381696407,CytoplasmicMembrane,Aminopeptidase N OS=Escherichia coli (strain K12) OX=83333 GN=pepN PE=1 SV=2 UPId=UP000000625 PPId=UP000000625
P04825,Aminopeptidase N,pepN,132690,1473300,3.485184157111163e-4,8.861710961227974e-4,-1.346350381696407,Cytoplasmic,Aminopeptidase N OS=Escherichia coli (strain K12) OX=83333 GN=pepN PE=1 SV=2 UPId=UP000000625 PPId=UP000000625
P0A705,Translation initiation factor IF-2,infB,2563800,23708000,0.006733977799383222,0.014260058607805116,-1.082449041165095,Cytoplasmic,Translation initiation factor IF-2 OS=Escherichia coli (strain K12) OX=83333 GN=infB PE=1 SV=1 UPId=UP000000625 PPId=UP000000625
P0A991,Fructose-bisphosphate aldolase class 1,fbaB;AC16_2697,26566000,245560000,0.06977722685795097,0.1477011975591625,-1.081853356450087,Unknown,Fructose-bisphosphate aldolase class 1 OS=Escherichia coli (strain K12) OX=83333 GN=fbaB PE=1 SV=2 UPId=UP000000625 PPId=UP000000625
P0AES4,DNA gyrase subunit A,gyrA;ECPG_00852,4789700,59063000,0.012580440543609418,0.035525638668499816,-1.497678142411828,Cytoplasmic,DNA gyrase subunit A OS=Escherichia coli (strain K12) OX=83333 GN=gyrA PE=1 SV=1 UPId=UP000000625 PPId=UP000000625
P11875,Arginine--tRNA ligase,argS,498230,15263000,0.0013086316245365095,0.009180499178797432,-2.810513560048767,Cytoplasmic,Arginine--tRNA ligase OS=Escherichia coli (strain K12) OX=83333 GN=argS PE=1 SV=1 UPId=UP000000625 PPId=UP000000625
P27302,Transketolase 1,tktA,38162000,354710000,0.10023483141433129,0.213353525762382,-1.0898620224588933,Cytoplasmic,Transketolase 1 OS=Escherichia coli (strain K12) OX=83333 GN=tktA PE=1 SV=5 UPId=UP000000625 PPId=UP000000625
P32176,Formate dehydrogenase-O major subunit,fdoG,1163300,29357000,0.003055478732359195,0.01765785981733317,-2.530840150550824,Periplasmic,Formate dehydrogenase-O major subunit OS=Escherichia coli (strain K12) OX=83333 GN=fdoG PE=1 SV=5 UPId=UP000000625 PPId=UP000000625
P33599,"NADH-quinone oxidoreductase subunit C/D",nuoC,0,1603200,0,9.643042837874626e-4,-Inf,Cytoplasmic,"NADH-quinone oxidoreductase subunit C/D OS=Escherichia coli (strain K12) OX=83333 GN=nuoC PE=1 SV=3 UPId=UP000000625 PPId=UP000000625"
P69924,Ribonucleoside-diphosphate reductase 1 subunit beta,nrdB,0,49820000,0,0.02996609245152906,-Inf,Cytoplasmic,Ribonucleoside-diphosphate reductase 1 subunit beta OS=Escherichia coli (strain K12) OX=83333 GN=nrdB PE=1 SV=2 UPId=UP000000625 PPId=UP000000625
Q19NJ4,60 kDa chaperonin 2,groL2,937670,25213000,0.0024628477116575656,0.015165296848261787,-2.622374410071136,Cytoplasmic,60 kDa chaperonin 2 OS=Escherichia coli O1:K1 / APEC OX=405955 GN=groL2 PE=3 SV=1 UPId=UP000008216 PPId=UP000000625
